,month,town,flat_type,floor_area_sqm,lease_commence_date,resale_price
87705,2016-11,ANG MO KIO,4 ROOM,92,1977,590000
86039,2016-10,ANG MO KIO,4 ROOM,92,1978,490000
52213,2015-01,ANG MO KIO,3 ROOM,68,1979,290000
46561,2014-09,ANG MO KIO,4 ROOM,92,1981,425000
69890,2015-12,ANG MO KIO,EXECUTIVE,153,1996,760000
11026,2012-08,ANG MO KIO,3 ROOM,67,1978,335000
79036,2016-06,ANG MO KIO,3 ROOM,68,1981,277000
75,2012-03,ANG MO KIO,3 ROOM,89,1979,435000
29949,2013-08,ANG MO KIO,3 ROOM,68,1980,348000
11021,2012-08,ANG MO KIO,3 ROOM,68,1980,327000
28495,2013-07,ANG MO KIO,3 ROOM,81,1980,413000
18568,2012-12,ANG MO KIO,4 ROOM,83,1978,446800
20081,2013-01,ANG MO KIO,4 ROOM,95,2006,648000
42669,2014-06,ANG MO KIO,5 ROOM,118,1981,625000
13114,2012-09,ANG MO KIO,3 ROOM,67,1979,353000
62173,2015-07,ANG MO KIO,4 ROOM,93,1981,460000
75378,2016-04,ANG MO KIO,3 ROOM,75,1980,320000
98653,2017-06,ANG MO KIO,5 ROOM,125,1993,530000
84388,2016-09,ANG MO KIO,5 ROOM,120,2011,980000
45238,2014-08,ANG MO KIO,4 ROOM,98,1979,457000
80921,2016-07,ANG MO KIO,5 ROOM,119,1979,622000
52268,2015-01,ANG MO KIO,4 ROOM,91,1980,410000
60424,2015-06,ANG MO KIO,3 ROOM,73,1978,372000
42632,2014-06,ANG MO KIO,3 ROOM,68,1981,342000
72544,2016-02,ANG MO KIO,3 ROOM,67,1980,285000
38166,2014-03,ANG MO KIO,2 ROOM,44,1977,267000
69834,2015-12,ANG MO KIO,3 ROOM,67,1979,314888
50960,2014-12,ANG MO KIO,5 ROOM,110,2002,745000
45247,2014-08,ANG MO KIO,4 ROOM,98,1978,510000
69833,2015-12,ANG MO KIO,3 ROOM,67,1979,325000
52274,2015-01,ANG MO KIO,4 ROOM,92,1978,423000
46562,2014-09,ANG MO KIO,4 ROOM,93,1981,425000
94836,2017-04,ANG MO KIO,4 ROOM,91,1980,428000
89259,2016-12,ANG MO KIO,3 ROOM,67,1979,328000
58863,2015-05,ANG MO KIO,3 ROOM,67,1978,328000
89277,2016-12,ANG MO KIO,3 ROOM,67,1984,310000
18573,2012-12,ANG MO KIO,4 ROOM,91,1980,470000
96637,2017-05,ANG MO KIO,3 ROOM,88,1977,370000
2364,2012-04,ANG MO KIO,3 ROOM,68,1981,307000
96672,2017-05,ANG MO KIO,4 ROOM,95,2001,615000
75415,2016-04,ANG MO KIO,3 ROOM,67,1985,335000
90617,2017-01,ANG MO KIO,3 ROOM,68,1981,338000
58889,2015-05,ANG MO KIO,4 ROOM,92,1979,465000
91805,2017-02,ANG MO KIO,3 ROOM,73,1978,355000
58871,2015-05,ANG MO KIO,3 ROOM,82,1980,350000
84354,2016-09,ANG MO KIO,3 ROOM,68,1981,280000
25566,2013-05,ANG MO KIO,3 ROOM,67,1978,374000
98671,2017-06,ANG MO KIO,5 ROOM,110,2002,800000
68372,2015-11,ANG MO KIO,3 ROOM,88,1978,418000
63721,2015-08,ANG MO KIO,5 ROOM,136,1996,580000
92903,2017-03,ANG MO KIO,3 ROOM,67,1979,317000
42670,2014-06,ANG MO KIO,5 ROOM,121,1981,634000
98657,2017-06,ANG MO KIO,5 ROOM,119,1993,612888
24,2012-03,ANG MO KIO,3 ROOM,67,1980,342000
72551,2016-02,ANG MO KIO,4 ROOM,88,2012,650000
42626,2014-06,ANG MO KIO,3 ROOM,68,1985,327000
11069,2012-08,ANG MO KIO,3 ROOM,82,1980,388000
42642,2014-06,ANG MO KIO,3 ROOM,81,1984,370000
42637,2014-06,ANG MO KIO,3 ROOM,82,1985,355000
50946,2014-12,ANG MO KIO,4 ROOM,100,1980,450000
63687,2015-08,ANG MO KIO,3 ROOM,68,1980,330000
72560,2016-02,ANG MO KIO,4 ROOM,98,1977,500000
37257,2014-02,ANG MO KIO,5 ROOM,133,1996,650000
35113,2013-12,ANG MO KIO,3 ROOM,67,1979,347000
89275,2016-12,ANG MO KIO,3 ROOM,68,1980,335000
8886,2012-07,ANG MO KIO,4 ROOM,81,1977,405000
58890,2015-05,ANG MO KIO,4 ROOM,98,1977,472000
82472,2016-08,ANG MO KIO,4 ROOM,82,1976,390000
52253,2015-01,ANG MO KIO,3 ROOM,68,1981,341000
23904,2013-04,ANG MO KIO,5 ROOM,110,2006,780000
62117,2015-07,ANG MO KIO,3 ROOM,82,1980,380000
63705,2015-08,ANG MO KIO,4 ROOM,92,1979,445000
66641,2015-10,ANG MO KIO,3 ROOM,67,1980,280000
86062,2016-10,ANG MO KIO,5 ROOM,119,1980,638000
41187,2014-05,ANG MO KIO,3 ROOM,67,1979,360000
35110,2013-12,ANG MO KIO,3 ROOM,89,1979,440000
94791,2017-04,ANG MO KIO,3 ROOM,73,1978,370000
42639,2014-06,ANG MO KIO,3 ROOM,73,1978,363000
104,2012-03,ANG MO KIO,5 ROOM,121,1980,603000
66647,2015-10,ANG MO KIO,3 ROOM,68,1980,334000
87714,2016-11,ANG MO KIO,4 ROOM,90,2002,545000
36112,2014-01,ANG MO KIO,3 ROOM,68,1980,327000
49594,2014-11,ANG MO KIO,4 ROOM,97,1977,480000
60437,2015-06,ANG MO KIO,3 ROOM,68,1980,290000
21646,2013-02,ANG MO KIO,2 ROOM,48,1977,315000
48046,2014-10,ANG MO KIO,4 ROOM,90,2003,595000
80926,2016-07,ANG MO KIO,5 ROOM,119,1980,633000
55868,2015-03,ANG MO KIO,3 ROOM,68,1981,305000
2448,2012-04,ANG MO KIO,4 ROOM,98,1978,525000
96621,2017-05,ANG MO KIO,3 ROOM,67,1979,290000
49662,2014-11,BEDOK,4 ROOM,93,1985,405000
46605,2014-09,BEDOK,3 ROOM,68,1982,319000
41284,2014-05,BEDOK,4 ROOM,91,1978,410000
54809,2015-02,BEDOK,3 ROOM,83,1980,385000
57339,2015-04,BEDOK,3 ROOM,67,1985,350000
23979,2013-04,BEDOK,4 ROOM,92,1979,460000
9049,2012-07,BEDOK,5 ROOM,117,1979,517000
71332,2016-01,BEDOK,4 ROOM,92,1979,418000
58925,2015-05,BEDOK,3 ROOM,68,1981,305000
52395,2015-01,BEDOK,3 ROOM,65,1976,338000
84442,2016-09,BEDOK,4 ROOM,92,1979,420000
8962,2012-07,BEDOK,3 ROOM,67,1983,333000
62230,2015-07,BEDOK,3 ROOM,68,1980,310000
84398,2016-09,BEDOK,3 ROOM,67,1978,309000
39725,2014-04,BEDOK,3 ROOM,66,1983,350000
94909,2017-04,BEDOK,4 ROOM,92,1979,433888
96752,2017-05,BEDOK,4 ROOM,92,1980,420000
52409,2015-01,BEDOK,4 ROOM,84,1987,369000
228,2012-03,BEDOK,EXECUTIVE,148,1985,530000
46636,2014-09,BEDOK,4 ROOM,92,1979,380000
28587,2013-07,BEDOK,4 ROOM,92,1978,450000
65239,2015-09,BEDOK,4 ROOM,84,1977,325888
72634,2016-02,BEDOK,4 ROOM,95,1981,365000
8984,2012-07,BEDOK,3 ROOM,68,1979,358000
6945,2012-06,BEDOK,3 ROOM,68,1980,320000
49695,2014-11,BEDOK,EXECUTIVE,147,1984,640000
89373,2016-12,BEDOK,4 ROOM,92,2006,580000
57345,2015-04,BEDOK,4 ROOM,88,1976,388000
32603,2013-10,BEDOK,3 ROOM,67,1979,361500
91856,2017-02,BEDOK,3 ROOM,68,1979,310000
98714,2017-06,BEDOK,4 ROOM,92,1979,400000
41310,2014-05,BEDOK,5 ROOM,121,1981,495000
33947,2013-11,BEDOK,3 ROOM,63,1988,315000
86115,2016-10,BEDOK,3 ROOM,65,1976,296500
84497,2016-09,BEDOK,5 ROOM,121,1998,498000
54789,2015-02,BEDOK,3 ROOM,67,1979,308000
9011,2012-07,BEDOK,4 ROOM,84,1977,420000
87747,2016-11,BEDOK,3 ROOM,68,1980,305000
57295,2015-04,BEDOK,3 ROOM,67,1982,267000
21730,2013-02,BEDOK,4 ROOM,84,1977,435000
90725,2017-01,BEDOK,4 ROOM,90,1977,358000
96741,2017-05,BEDOK,3 ROOM,82,1985,373000
34014,2013-11,BEDOK,EXECUTIVE,143,1987,600000
79180,2016-06,BEDOK,4 ROOM,111,1984,438888
28589,2013-07,BEDOK,4 ROOM,91,1978,458000
84399,2016-09,BEDOK,3 ROOM,59,1978,267000
21725,2013-02,BEDOK,4 ROOM,97,1982,420000
63786,2015-08,BEDOK,4 ROOM,92,2006,583000
25683,2013-05,BEDOK,4 ROOM,91,1978,446000
41264,2014-05,BEDOK,3 ROOM,80,1984,340000
13231,2012-09,BEDOK,3 ROOM,68,1979,388000
60492,2015-06,BEDOK,3 ROOM,82,1979,365000
49613,2014-11,BEDOK,3 ROOM,68,1980,299000
51055,2014-12,BEDOK,EXECUTIVE,145,1993,735000
68445,2015-11,BEDOK,3 ROOM,59,1978,262000
57338,2015-04,BEDOK,3 ROOM,65,1974,350000
82563,2016-08,BEDOK,3 ROOM,65,1977,310000
84461,2016-09,BEDOK,4 ROOM,91,1981,350000
91837,2017-02,BEDOK,2 ROOM,45,1986,246000
33957,2013-11,BEDOK,3 ROOM,68,1980,335000
22662,2013-03,BEDOK,4 ROOM,85,2005,595000
22589,2013-03,BEDOK,3 ROOM,60,1986,310000
16940,2012-11,BEDOK,4 ROOM,105,1985,542800
11234,2012-08,BEDOK,5 ROOM,123,1993,655000
11216,2012-08,BEDOK,4 ROOM,91,1978,479000
60606,2015-06,BEDOK,5 ROOM,122,1993,555000
86154,2016-10,BEDOK,4 ROOM,96,1985,402000
35202,2013-12,BEDOK,5 ROOM,126,1982,480000
251,2012-03,BEDOK,EXECUTIVE,146,1993,747000
9034,2012-07,BEDOK,4 ROOM,92,1979,455000
38254,2014-03,BEDOK,3 ROOM,59,1978,305000
14968,2012-10,BEDOK,3 ROOM,68,1979,363000
16956,2012-11,BEDOK,EXECUTIVE,145,1996,803000
84451,2016-09,BEDOK,4 ROOM,85,2005,555000
63743,2015-08,BEDOK,3 ROOM,68,1980,293000
20170,2013-01,BEDOK,4 ROOM,85,2006,566000
27277,2013-06,BEDOK,4 ROOM,92,1979,483000
41236,2014-05,BEDOK,3 ROOM,60,1986,300000
30056,2013-08,BEDOK,4 ROOM,82,1976,435000
63746,2015-08,BEDOK,3 ROOM,67,1979,308000
51043,2014-12,BEDOK,5 ROOM,121,1982,438000
91886,2017-02,BEDOK,4 ROOM,84,1985,470000
39779,2014-04,BEDOK,5 ROOM,133,1984,535000
45329,2014-08,BEDOK,5 ROOM,121,1980,540000
37302,2014-02,BEDOK,3 ROOM,69,2010,440000
28540,2013-07,BEDOK,3 ROOM,59,1978,335000
21712,2013-02,BEDOK,3 ROOM,67,1977,356000
4751,2012-05,BEDOK,EXECUTIVE,143,1993,690000
15038,2012-10,BEDOK,5 ROOM,125,1996,590000
4664,2012-05,BEDOK,3 ROOM,67,1985,360000
94886,2017-04,BEDOK,3 ROOM,59,1978,280000
21690,2013-02,BEDOK,3 ROOM,68,1979,320800
58954,2015-05,BEDOK,4 ROOM,84,1988,365000
58995,2015-05,BEDOK,5 ROOM,115,2000,625000
14939,2012-10,BEDOK,3 ROOM,67,1979,333000
39769,2014-04,BEDOK,5 ROOM,124,1983,467000
73876,2016-03,BEDOK,5 ROOM,117,1978,538000
51036,2014-12,BEDOK,5 ROOM,112,2010,766000
82558,2016-08,BEDOK,3 ROOM,68,1981,298000
21734,2013-02,BEDOK,4 ROOM,99,1985,453000
34016,2013-11,BEDOK,5 ROOM,119,1976,620000
6990,2012-06,BEDOK,4 ROOM,84,1987,413500
43982,2014-07,BEDOK,4 ROOM,92,1978,465000
18599,2012-12,BEDOK,3 ROOM,67,1978,345000
57318,2015-04,BEDOK,3 ROOM,67,1985,308000
82525,2016-08,BEDOK,3 ROOM,59,1978,260000
25708,2013-05,BEDOK,5 ROOM,123,1993,610000
21731,2013-02,BEDOK,4 ROOM,93,1985,450000
18619,2012-12,BEDOK,3 ROOM,65,1972,330000
31362,2013-09,BEDOK,3 ROOM,67,1979,335000
66780,2015-10,BEDOK,4 ROOM,90,1977,378000
52489,2015-01,BEDOK,5 ROOM,123,1977,637000
84493,2016-09,BEDOK,5 ROOM,119,1978,612000
18588,2012-12,BEDOK,3 ROOM,68,1980,388000
30060,2013-08,BEDOK,4 ROOM,103,1981,445000
18594,2012-12,BEDOK,3 ROOM,67,1977,335000
37303,2014-02,BEDOK,4 ROOM,98,1981,446000
96707,2017-05,BEDOK,3 ROOM,67,1978,280000
96771,2017-05,BEDOK,4 ROOM,97,1982,370000
30100,2013-08,BEDOK,EXECUTIVE,143,1993,765000
86226,2016-10,BISHAN,EXECUTIVE,144,1986,910000
89424,2016-12,BISHAN,4 ROOM,112,1992,660000
98795,2017-06,BISHAN,5 ROOM,121,1984,770000
11253,2012-08,BISHAN,3 ROOM,64,1988,430000
35228,2013-12,BISHAN,3 ROOM,68,1973,320000
4761,2012-05,BISHAN,4 ROOM,112,1992,480000
81037,2016-07,BISHAN,5 ROOM,121,1987,725000
91914,2017-02,BISHAN,4 ROOM,104,1992,608000
81029,2016-07,BISHAN,4 ROOM,104,1992,580000
22679,2013-03,BISHAN,4 ROOM,83,1987,490000
32674,2013-10,BISHAN,4 ROOM,84,1988,520000
87826,2016-11,BISHAN,4 ROOM,103,1992,580000
46703,2014-09,BISHAN,5 ROOM,133,1992,645000
56038,2015-03,BISHAN,4 ROOM,84,1986,508000
90747,2017-01,BISHAN,4 ROOM,84,1986,510000
13315,2012-09,BISHAN,5 ROOM,121,1987,683000
66843,2015-10,BISHAN,5 ROOM,121,1987,825000
24021,2013-04,BISHAN,4 ROOM,107,1992,500000
82661,2016-08,BISHAN,5 ROOM,121,1988,775000
93090,2017-03,BISHAN,5 ROOM,121,1988,678000
36246,2014-01,BISHAN,4 ROOM,105,1992,493000
94967,2017-04,BISHAN,4 ROOM,84,1987,435000
45360,2014-08,BISHAN,4 ROOM,85,1988,575000
89413,2016-12,BISHAN,3 ROOM,65,1973,285000
35226,2013-12,BISHAN,3 ROOM,65,1973,322500
20207,2013-01,BISHAN,EXECUTIVE,144,1987,748000
20190,2013-01,BISHAN,4 ROOM,89,1986,470001
62334,2015-07,BISHAN,5 ROOM,121,1985,698000
22685,2013-03,BISHAN,4 ROOM,84,1987,555888
81030,2016-07,BISHAN,4 ROOM,105,1992,692500
4759,2012-05,BISHAN,4 ROOM,90,1988,460000
86227,2016-10,BISHAN,EXECUTIVE,146,1992,780000
48223,2014-10,BUKIT BATOK,4 ROOM,84,1986,353000
24075,2013-04,BUKIT BATOK,4 ROOM,84,1987,390000
25821,2013-05,BUKIT BATOK,EXECUTIVE,144,1998,735000
52628,2015-01,BUKIT BATOK,4 ROOM,105,1989,415000
9148,2012-07,BUKIT BATOK,3 ROOM,68,1986,335000
2668,2012-04,BUKIT BATOK,4 ROOM,84,1987,360000
13385,2012-09,BUKIT BATOK,4 ROOM,92,2004,495000
81077,2016-07,BUKIT BATOK,4 ROOM,91,1985,335000
11321,2012-08,BUKIT BATOK,4 ROOM,84,1986,376000
38394,2014-03,BUKIT BATOK,3 ROOM,69,1988,312000
66885,2015-10,BUKIT BATOK,4 ROOM,103,1985,406000
37367,2014-02,BUKIT BATOK,4 ROOM,104,1985,425000
35267,2013-12,BUKIT BATOK,4 ROOM,107,1985,505000
87875,2016-11,BUKIT BATOK,3 ROOM,60,1988,263000
57478,2015-04,BUKIT BATOK,5 ROOM,119,1997,625000
81079,2016-07,BUKIT BATOK,4 ROOM,103,1998,470000
48206,2014-10,BUKIT BATOK,3 ROOM,73,1986,293000
54862,2015-02,BUKIT BATOK,3 ROOM,67,1985,275000
22745,2013-03,BUKIT BATOK,4 ROOM,90,2005,495000
98862,2017-06,BUKIT BATOK,5 ROOM,121,1998,518888
15111,2012-10,BUKIT BATOK,3 ROOM,70,1986,325000
4834,2012-05,BUKIT BATOK,4 ROOM,104,1985,415000
90796,2017-01,BUKIT BATOK,4 ROOM,104,1985,450000
17076,2012-11,BUKIT BATOK,EXECUTIVE,152,1986,728000
59049,2015-05,BUKIT BATOK,4 ROOM,89,1988,350000
95063,2017-04,BUKIT BATOK,5 ROOM,118,2005,498000
52651,2015-01,BUKIT BATOK,4 ROOM,104,1983,463888
60673,2015-06,BUKIT BATOK,3 ROOM,68,1985,265000
52626,2015-01,BUKIT BATOK,4 ROOM,105,1989,415000
347,2012-03,BUKIT BATOK,4 ROOM,99,1988,372000
95035,2017-04,BUKIT BATOK,4 ROOM,103,1997,430000
25822,2013-05,BUKIT BATOK,EXECUTIVE,144,1997,800000
34104,2013-11,BUKIT BATOK,5 ROOM,117,1997,715000
90799,2017-01,BUKIT BATOK,4 ROOM,103,1987,350000
27357,2013-06,BUKIT BATOK,4 ROOM,104,1985,417888
49761,2014-11,BUKIT BATOK,4 ROOM,103,1998,440000
13353,2012-09,BUKIT BATOK,3 ROOM,68,1986,346000
59080,2015-05,BUKIT BATOK,5 ROOM,121,1985,458000
81089,2016-07,BUKIT BATOK,4 ROOM,83,1986,335000
60696,2015-06,BUKIT BATOK,4 ROOM,94,1988,320000
89467,2016-12,BUKIT BATOK,4 ROOM,92,1998,430000
96872,2017-05,BUKIT BATOK,3 ROOM,82,1984,310000
42804,2014-06,BUKIT BATOK,4 ROOM,94,1987,400000
71449,2016-01,BUKIT BATOK,EXECUTIVE,150,1985,668000
84553,2016-09,BUKIT BATOK,3 ROOM,67,1984,268000
72710,2016-02,BUKIT BATOK,4 ROOM,103,1998,430000
81111,2016-07,BUKIT BATOK,5 ROOM,115,2005,598000
82722,2016-08,BUKIT BATOK,4 ROOM,92,2005,473888
56076,2015-03,BUKIT BATOK,3 ROOM,73,1985,294000
21802,2013-02,BUKIT BATOK,4 ROOM,103,1998,520000
11323,2012-08,BUKIT BATOK,4 ROOM,84,1985,384000
73922,2016-03,BUKIT BATOK,3 ROOM,73,1985,328000
2670,2012-04,BUKIT BATOK,3 ROOM,73,1987,365000
28664,2013-07,BUKIT BATOK,4 ROOM,84,1986,365000
73932,2016-03,BUKIT BATOK,3 ROOM,67,1984,275000
11288,2012-08,BUKIT BATOK,3 ROOM,67,1985,303000
4812,2012-05,BUKIT BATOK,3 ROOM,73,1985,333000
81056,2016-07,BUKIT BATOK,3 ROOM,64,1987,245000
79302,2016-06,BUKIT BATOK,5 ROOM,139,1985,550000
406,2012-03,BUKIT BATOK,EXECUTIVE,165,1997,723000
22727,2013-03,BUKIT BATOK,3 ROOM,73,1984,352000
60689,2015-06,BUKIT BATOK,4 ROOM,116,1985,490000
52561,2015-01,BUKIT BATOK,3 ROOM,67,1985,280000
93126,2017-03,BUKIT BATOK,3 ROOM,69,1987,258000
44031,2014-07,BUKIT BATOK,3 ROOM,68,1985,325000
87872,2016-11,BUKIT BATOK,3 ROOM,60,1987,275000
56075,2015-03,BUKIT BATOK,3 ROOM,67,1984,290000
52647,2015-01,BUKIT BATOK,4 ROOM,90,2005,460000
34054,2013-11,BUKIT BATOK,3 ROOM,59,1985,308000
374,2012-03,BUKIT BATOK,4 ROOM,92,1998,448000
38433,2014-03,BUKIT BATOK,4 ROOM,104,1984,495288
7200,2012-06,BUKIT MERAH,3 ROOM,64,1969,404000
95100,2017-04,BUKIT MERAH,4 ROOM,92,1985,638000
54934,2015-02,BUKIT MERAH,3 ROOM,88,1973,650000
27393,2013-06,BUKIT MERAH,3 ROOM,72,1975,390000
86315,2016-10,BUKIT MERAH,3 ROOM,67,1976,365000
75669,2016-04,BUKIT MERAH,2 ROOM,34,1971,210000
60778,2015-06,BUKIT MERAH,5 ROOM,136,1984,770000
84670,2016-09,BUKIT MERAH,4 ROOM,91,1978,530000
35325,2013-12,BUKIT MERAH,5 ROOM,117,1981,695000
452,2012-03,BUKIT MERAH,4 ROOM,92,1978,550000
28740,2013-07,BUKIT MERAH,5 ROOM,126,1996,800000
17118,2012-11,BUKIT MERAH,4 ROOM,90,2008,690000
51173,2014-12,BUKIT MERAH,4 ROOM,90,2002,618000
74016,2016-03,BUKIT MERAH,4 ROOM,74,1970,465000
438,2012-03,BUKIT MERAH,3 ROOM,76,1973,440000
36308,2014-01,BUKIT MERAH,3 ROOM,67,1981,401000
71470,2016-01,BUKIT MERAH,3 ROOM,88,1978,472000
59117,2015-05,BUKIT MERAH,4 ROOM,84,1986,483000
68665,2015-11,BUKIT MERAH,5 ROOM,117,1977,690000
79316,2016-06,BUKIT MERAH,3 ROOM,63,1973,365000
98913,2017-06,BUKIT MERAH,4 ROOM,100,2005,805000
7184,2012-06,BUKIT MERAH,3 ROOM,53,1969,308000
48304,2014-10,BUKIT MERAH,5 ROOM,120,1996,798000
68644,2015-11,BUKIT MERAH,4 ROOM,74,1970,446888
66947,2015-10,BUKIT MERAH,3 ROOM,88,1974,608000
41450,2014-05,BUKIT MERAH,4 ROOM,85,2003,645000
71468,2016-01,BUKIT MERAH,3 ROOM,76,1975,350000
70104,2015-12,BUKIT MERAH,4 ROOM,90,2009,700000
30190,2013-08,BUKIT MERAH,3 ROOM,88,1976,485000
57527,2015-04,BUKIT MERAH,4 ROOM,85,2009,600000
34159,2013-11,BUKIT MERAH,5 ROOM,110,2003,820000
11439,2012-08,BUKIT MERAH,5 ROOM,115,2005,815000
41460,2014-05,BUKIT MERAH,4 ROOM,100,2007,765000
4933,2012-05,BUKIT MERAH,4 ROOM,84,1986,495000
60725,2015-06,BUKIT MERAH,3 ROOM,60,2002,445000
92001,2017-02,BUKIT MERAH,5 ROOM,110,2003,875000
461,2012-03,BUKIT MERAH,4 ROOM,103,1985,590000
63952,2015-08,BUKIT MERAH,5 ROOM,117,1977,660000
37408,2014-02,BUKIT MERAH,4 ROOM,90,2003,674000
73992,2016-03,BUKIT MERAH,3 ROOM,64,1983,325000
89512,2016-12,BUKIT MERAH,3 ROOM,53,1969,280000
48286,2014-10,BUKIT MERAH,4 ROOM,107,1997,590000
93226,2017-03,BUKIT MERAH,4 ROOM,89,1986,500000
86327,2016-10,BUKIT MERAH,4 ROOM,89,2013,735000
45463,2014-08,BUKIT MERAH,4 ROOM,100,2001,770000
31561,2013-09,BUKIT MERAH,5 ROOM,110,2003,865000
7197,2012-06,BUKIT MERAH,3 ROOM,65,1975,388000
2782,2012-04,BUKIT MERAH,4 ROOM,87,2002,580000
27388,2013-06,BUKIT MERAH,3 ROOM,65,1975,360000
93199,2017-03,BUKIT MERAH,3 ROOM,70,1975,370000
18761,2012-12,BUKIT MERAH,3 ROOM,73,1976,445000
28726,2013-07,BUKIT MERAH,4 ROOM,85,2001,682000
39903,2014-04,BUKIT MERAH,3 ROOM,73,1976,415000
21831,2013-02,BUKIT MERAH,4 ROOM,99,1997,616000
22782,2013-03,BUKIT MERAH,3 ROOM,88,1978,470000
45439,2014-08,BUKIT MERAH,4 ROOM,82,1976,480000
32768,2013-10,BUKIT MERAH,3 ROOM,65,1976,370000
48257,2014-10,BUKIT MERAH,3 ROOM,56,1971,350000
25847,2013-05,BUKIT MERAH,4 ROOM,82,1976,510000
89552,2016-12,BUKIT MERAH,5 ROOM,119,1976,700000
59142,2015-05,BUKIT MERAH,5 ROOM,110,2002,805000
91997,2017-02,BUKIT MERAH,5 ROOM,116,2000,668000
98935,2017-06,BUKIT MERAH,5 ROOM,110,2003,745000
15187,2012-10,BUKIT MERAH,3 ROOM,59,1975,296000
48273,2014-10,BUKIT MERAH,4 ROOM,91,1976,500000
62417,2015-07,BUKIT MERAH,4 ROOM,81,1975,478000
82796,2016-08,BUKIT MERAH,5 ROOM,122,1999,610000
95097,2017-04,BUKIT MERAH,4 ROOM,100,2005,750000
95091,2017-04,BUKIT MERAH,3 ROOM,73,1978,370000
30167,2013-08,BUKIT MERAH,2 ROOM,42,1970,270000
66943,2015-10,BUKIT MERAH,3 ROOM,63,1970,280000
34153,2013-11,BUKIT MERAH,4 ROOM,100,2005,750000
31549,2013-09,BUKIT MERAH,5 ROOM,117,1978,742000
2797,2012-04,BUKIT MERAH,4 ROOM,100,2001,670000
28707,2013-07,BUKIT MERAH,3 ROOM,63,1973,395000
36336,2014-01,BUKIT MERAH,4 ROOM,100,2001,770000
82776,2016-08,BUKIT MERAH,4 ROOM,107,1995,600000
9244,2012-07,BUKIT MERAH,3 ROOM,67,1983,385000
84662,2016-09,BUKIT MERAH,4 ROOM,104,1984,580000
25891,2013-05,BUKIT PANJANG,4 ROOM,94,2002,435000
38538,2014-03,BUKIT PANJANG,5 ROOM,121,1998,470000
30273,2013-08,BUKIT PANJANG,EXECUTIVE,143,1999,655000
48333,2014-10,BUKIT PANJANG,4 ROOM,93,2004,425000
79379,2016-06,BUKIT PANJANG,4 ROOM,101,1997,318000
9346,2012-07,BUKIT PANJANG,4 ROOM,95,2004,465000
11447,2012-08,BUKIT PANJANG,3 ROOM,73,1988,345000
95202,2017-04,BUKIT PANJANG,5 ROOM,110,2004,480000
37439,2014-02,BUKIT PANJANG,5 ROOM,110,2002,468000
60836,2015-06,BUKIT PANJANG,5 ROOM,110,2002,370000
15307,2012-10,BUKIT PANJANG,5 ROOM,122,1988,491888
56186,2015-03,BUKIT PANJANG,4 ROOM,104,1988,368000
5019,2012-05,BUKIT PANJANG,4 ROOM,90,2002,403000
97046,2017-05,BUKIT PANJANG,5 ROOM,121,1998,472000
51219,2014-12,BUKIT PANJANG,4 ROOM,84,1988,310000
20369,2013-01,BUKIT PANJANG,4 ROOM,90,2004,530000
45508,2014-08,BUKIT PANJANG,5 ROOM,121,1999,540000
60818,2015-06,BUKIT PANJANG,4 ROOM,93,2004,435000
74126,2016-03,BUKIT PANJANG,EXECUTIVE,130,2001,600000
45483,2014-08,BUKIT PANJANG,4 ROOM,101,1997,377500
97017,2017-05,BUKIT PANJANG,4 ROOM,90,2003,500000
35353,2013-12,BUKIT PANJANG,EXECUTIVE,146,1989,598000
68696,2015-11,BUKIT PANJANG,4 ROOM,103,1988,320000
7276,2012-06,BUKIT PANJANG,4 ROOM,103,1998,413000
63987,2015-08,BUKIT PANJANG,4 ROOM,90,2002,390000
24213,2013-04,BUKIT PANJANG,EXECUTIVE,125,2002,528000
49881,2014-11,BUKIT PANJANG,EXECUTIVE,130,2002,733888
90878,2017-01,BUKIT PANJANG,4 ROOM,101,1999,330000
82866,2016-08,BUKIT PANJANG,EXECUTIVE,130,2001,580000
98938,2017-06,BUKIT PANJANG,3 ROOM,73,1988,282000
35341,2013-12,BUKIT PANJANG,4 ROOM,103,1998,400000
17192,2012-11,BUKIT PANJANG,EXECUTIVE,142,1988,582000
86379,2016-10,BUKIT PANJANG,4 ROOM,90,2003,320000
67000,2015-10,BUKIT PANJANG,4 ROOM,103,1989,350000
79399,2016-06,BUKIT PANJANG,4 ROOM,90,2002,334000
25923,2013-05,BUKIT PANJANG,EXECUTIVE,144,1998,643000
89593,2016-12,BUKIT PANJANG,5 ROOM,120,1997,429000
28776,2013-07,BUKIT PANJANG,5 ROOM,110,2002,511000
74060,2016-03,BUKIT PANJANG,3 ROOM,68,2012,310000
56183,2015-03,BUKIT PANJANG,4 ROOM,91,2001,360000
81218,2016-07,BUKIT PANJANG,4 ROOM,90,2002,376000
28762,2013-07,BUKIT PANJANG,4 ROOM,103,1998,416000
74121,2016-03,BUKIT PANJANG,EXECUTIVE,143,1999,678000
5054,2012-05,BUKIT PANJANG,5 ROOM,110,2001,505000
77606,2016-05,BUKIT PANJANG,5 ROOM,110,2002,470000
52861,2015-01,BUKIT PANJANG,5 ROOM,120,1999,605999
52839,2015-01,BUKIT PANJANG,5 ROOM,111,2002,492000
541,2012-03,BUKIT PANJANG,5 ROOM,110,2002,445000
5061,2012-05,BUKIT PANJANG,5 ROOM,110,2004,543000
89554,2016-12,BUKIT PANJANG,3 ROOM,73,1989,290000
87989,2016-11,BUKIT PANJANG,4 ROOM,104,1988,330000
65393,2015-09,BUKIT PANJANG,3 ROOM,64,1988,280000
62464,2015-07,BUKIT PANJANG,4 ROOM,103,1988,365000
15300,2012-10,BUKIT PANJANG,5 ROOM,111,2003,470000
41511,2014-05,BUKIT PANJANG,4 ROOM,102,1998,515000
82806,2016-08,BUKIT PANJANG,3 ROOM,73,1987,295000
70157,2015-12,BUKIT PANJANG,5 ROOM,132,1988,470000
86411,2016-10,BUKIT PANJANG,EXECUTIVE,142,1999,660000
42926,2014-06,BUKIT PANJANG,4 ROOM,100,1998,524888
7278,2012-06,BUKIT PANJANG,4 ROOM,91,2003,420000
98961,2017-06,BUKIT PANJANG,4 ROOM,104,1988,340000
5070,2012-05,BUKIT PANJANG,EXECUTIVE,132,2001,638000
82824,2016-08,BUKIT PANJANG,4 ROOM,103,1999,317000
54963,2015-02,BUKIT PANJANG,4 ROOM,91,2002,370000
32855,2013-10,BUKIT PANJANG,EXECUTIVE,133,2002,520000
24187,2013-04,BUKIT PANJANG,4 ROOM,84,1988,390000
51237,2014-12,BUKIT PANJANG,5 ROOM,122,1988,425000
95140,2017-04,BUKIT PANJANG,3 ROOM,73,1988,303800
34178,2013-11,BUKIT PANJANG,4 ROOM,103,1988,422000
70164,2015-12,BUKIT PANJANG,EXECUTIVE,146,1988,533000
20366,2013-01,BUKIT PANJANG,5 ROOM,124,1998,519000
59174,2015-05,BUKIT PANJANG,4 ROOM,90,2002,355000
9350,2012-07,BUKIT PANJANG,5 ROOM,122,1988,470000
81206,2016-07,BUKIT PANJANG,4 ROOM,101,1997,458000
7304,2012-06,BUKIT PANJANG,4 ROOM,91,2003,536800
87992,2016-11,BUKIT PANJANG,4 ROOM,90,2002,340000
39989,2014-04,BUKIT PANJANG,4 ROOM,99,1999,542000
35357,2013-12,BUKIT TIMAH,3 ROOM,73,1974,463000
27474,2013-06,BUKIT TIMAH,5 ROOM,128,1988,820000
88042,2016-11,BUKIT TIMAH,4 ROOM,104,1988,700000
35358,2013-12,BUKIT TIMAH,3 ROOM,64,1989,430000
2909,2012-04,BUKIT TIMAH,5 ROOM,122,1989,680000
578,2012-03,BUKIT TIMAH,5 ROOM,122,1989,750000
95211,2017-04,CENTRAL AREA,3 ROOM,75,1984,375000
82885,2016-08,CENTRAL AREA,4 ROOM,85,2003,506888
30279,2013-08,CENTRAL AREA,3 ROOM,68,1978,550000
44160,2014-07,CENTRAL AREA,2 ROOM,54,1982,279000
48369,2014-10,CENTRAL AREA,3 ROOM,70,1977,525000
55006,2015-02,CENTRAL AREA,5 ROOM,107,2011,991000
68748,2015-11,CENTRAL AREA,4 ROOM,96,2011,850000
7331,2012-06,CENTRAL AREA,3 ROOM,67,1984,485000
74136,2016-03,CENTRAL AREA,3 ROOM,70,1984,510000
60861,2015-06,CENTRAL AREA,4 ROOM,95,2011,885000
18846,2012-12,CENTRAL AREA,3 ROOM,60,1980,485000
89613,2016-12,CENTRAL AREA,3 ROOM,59,1977,410000
82880,2016-08,CENTRAL AREA,4 ROOM,95,2011,900000
38564,2014-03,CENTRAL AREA,4 ROOM,85,1984,620018
64030,2015-08,CENTRAL AREA,4 ROOM,93,2011,810000
13547,2012-09,CHOA CHU KANG,4 ROOM,104,1989,400000
11564,2012-08,CHOA CHU KANG,4 ROOM,90,2003,430000
70201,2015-12,CHOA CHU KANG,4 ROOM,104,1993,300000
90938,2017-01,CHOA CHU KANG,4 ROOM,104,1999,370000
68801,2015-11,CHOA CHU KANG,5 ROOM,120,1999,390000
77716,2016-05,CHOA CHU KANG,4 ROOM,91,1981,318000
56288,2015-03,CHOA CHU KANG,EXECUTIVE,146,1996,580000
685,2012-03,CHOA CHU KANG,5 ROOM,121,1997,485000
20459,2013-01,CHOA CHU KANG,EXECUTIVE,146,1989,635000
607,2012-03,CHOA CHU KANG,4 ROOM,85,2002,385000
65517,2015-09,CHOA CHU KANG,5 ROOM,111,2002,360000
52972,2015-01,CHOA CHU KANG,5 ROOM,123,1996,423000
84825,2016-09,CHOA CHU KANG,5 ROOM,126,1996,477000
57649,2015-04,CHOA CHU KANG,4 ROOM,104,1993,370000
86472,2016-10,CHOA CHU KANG,4 ROOM,92,1978,320000
44189,2014-07,CHOA CHU KANG,4 ROOM,109,1995,380000
99006,2017-06,CHOA CHU KANG,3 ROOM,73,1989,280000
81304,2016-07,CHOA CHU KANG,5 ROOM,110,2002,410000
18873,2012-12,CHOA CHU KANG,4 ROOM,105,1993,490000
82971,2016-08,CHOA CHU KANG,5 ROOM,110,2002,338000
22866,2013-03,CHOA CHU KANG,3 ROOM,68,1981,330000
37467,2014-02,CHOA CHU KANG,4 ROOM,109,1996,460000
62567,2015-07,CHOA CHU KANG,5 ROOM,116,1999,358888
51271,2014-12,CHOA CHU KANG,4 ROOM,104,1989,360000
81280,2016-07,CHOA CHU KANG,4 ROOM,104,1989,335000
42946,2014-06,CHOA CHU KANG,3 ROOM,73,1989,325000
7358,2012-06,CHOA CHU KANG,4 ROOM,106,1995,413000
18898,2012-12,CHOA CHU KANG,5 ROOM,120,1999,520000
5165,2012-05,CHOA CHU KANG,5 ROOM,126,1999,493000
88090,2016-11,CHOA CHU KANG,4 ROOM,104,1989,345000
41570,2014-05,CHOA CHU KANG,4 ROOM,101,1999,420000
93362,2017-03,CHOA CHU KANG,5 ROOM,125,1999,450000
88128,2016-11,CHOA CHU KANG,EXECUTIVE,152,1995,608000
52956,2015-01,CHOA CHU KANG,4 ROOM,104,1992,380000
672,2012-03,CHOA CHU KANG,5 ROOM,117,1999,450000
74192,2016-03,CHOA CHU KANG,4 ROOM,104,1995,330000
55018,2015-02,CHOA CHU KANG,4 ROOM,90,2002,363000
71610,2016-01,CHOA CHU KANG,5 ROOM,110,2002,395000
62595,2015-07,CHOA CHU KANG,5 ROOM,128,1995,425000
82965,2016-08,CHOA CHU KANG,5 ROOM,110,2003,385000
7413,2012-06,CHOA CHU KANG,5 ROOM,127,1996,505000
88106,2016-11,CHOA CHU KANG,5 ROOM,123,2000,370000
92070,2017-02,CHOA CHU KANG,4 ROOM,102,1996,318000
99053,2017-06,CHOA CHU KANG,5 ROOM,123,2000,460000
9469,2012-07,CHOA CHU KANG,5 ROOM,124,1995,489000
79471,2016-06,CHOA CHU KANG,4 ROOM,104,1993,343000
99025,2017-06,CHOA CHU KANG,4 ROOM,85,2002,333800
42977,2014-06,CHOA CHU KANG,5 ROOM,133,1993,475000
11598,2012-08,CHOA CHU KANG,5 ROOM,122,1999,500000
56254,2015-03,CHOA CHU KANG,5 ROOM,125,1999,400000
88122,2016-11,CHOA CHU KANG,5 ROOM,123,1994,370000
51282,2014-12,CHOA CHU KANG,5 ROOM,125,1993,420000
52951,2015-01,CHOA CHU KANG,4 ROOM,108,1996,375000
44210,2014-07,CHOA CHU KANG,EXECUTIVE,142,1993,666000
89662,2016-12,CHOA CHU KANG,5 ROOM,110,2003,380000
65482,2015-09,CHOA CHU KANG,4 ROOM,100,1997,350000
52905,2015-01,CHOA CHU KANG,4 ROOM,92,1979,320000
62603,2015-07,CHOA CHU KANG,EXECUTIVE,145,1995,562000
25944,2013-05,CHOA CHU KANG,4 ROOM,106,1989,405000
34226,2013-11,CHOA CHU KANG,4 ROOM,101,1999,390000
22901,2013-03,CHOA CHU KANG,5 ROOM,128,1996,540000
82903,2016-08,CHOA CHU KANG,4 ROOM,105,1993,355000
18900,2012-12,CHOA CHU KANG,5 ROOM,125,1993,460000
71569,2016-01,CHOA CHU KANG,4 ROOM,104,1993,336000
68779,2015-11,CHOA CHU KANG,4 ROOM,105,1999,355000
44209,2014-07,CHOA CHU KANG,EXECUTIVE,146,1989,580000
11539,2012-08,CHOA CHU KANG,4 ROOM,91,1997,387000
75838,2016-04,CHOA CHU KANG,4 ROOM,104,2000,360000
7414,2012-06,CHOA CHU KANG,5 ROOM,124,1999,506000
34256,2013-11,CHOA CHU KANG,5 ROOM,121,1998,503000
68806,2015-11,CHOA CHU KANG,5 ROOM,110,2003,377000
52940,2015-01,CHOA CHU KANG,4 ROOM,101,1999,365000
46926,2014-09,CHOA CHU KANG,4 ROOM,104,1989,395000
11554,2012-08,CHOA CHU KANG,4 ROOM,104,1993,418000
5116,2012-05,CHOA CHU KANG,4 ROOM,103,1990,422088
24257,2013-04,CHOA CHU KANG,4 ROOM,104,1993,430000
70204,2015-12,CHOA CHU KANG,4 ROOM,104,1990,365000
84798,2016-09,CHOA CHU KANG,4 ROOM,113,1998,453000
70231,2015-12,CHOA CHU KANG,4 ROOM,100,1998,362000
42956,2014-06,CHOA CHU KANG,4 ROOM,104,1992,380000
88097,2016-11,CHOA CHU KANG,4 ROOM,109,1995,345000
31631,2013-09,CHOA CHU KANG,5 ROOM,122,1989,498000
31642,2013-09,CHOA CHU KANG,EXECUTIVE,147,1996,606000
81275,2016-07,CHOA CHU KANG,4 ROOM,90,2002,345000
68777,2015-11,CHOA CHU KANG,4 ROOM,103,1999,375000
62639,2015-07,CLEMENTI,5 ROOM,123,1979,675000
92107,2017-02,CLEMENTI,3 ROOM,67,1979,310000
70299,2015-12,CLEMENTI,EXECUTIVE,161,1985,888888
754,2012-03,CLEMENTI,4 ROOM,104,1984,520000
99112,2017-06,CLEMENTI,4 ROOM,90,2002,695000
68842,2015-11,CLEMENTI,4 ROOM,92,1978,540000
59329,2015-05,CLEMENTI,5 ROOM,121,1984,668000
72926,2016-02,CLEMENTI,3 ROOM,67,1978,285000
88171,2016-11,CLEMENTI,5 ROOM,119,1979,628000
24336,2013-04,CLEMENTI,3 ROOM,67,1979,448800
3060,2012-04,CLEMENTI,3 ROOM,67,1979,375000
716,2012-03,CLEMENTI,3 ROOM,68,1980,319000
88151,2016-11,CLEMENTI,3 ROOM,67,1979,287000
89693,2016-12,CLEMENTI,3 ROOM,82,1978,453888
68839,2015-11,CLEMENTI,3 ROOM,68,1980,283000
84869,2016-09,CLEMENTI,4 ROOM,91,1979,570000
84877,2016-09,CLEMENTI,5 ROOM,113,2013,900000
59302,2015-05,CLEMENTI,3 ROOM,74,1983,330000
38618,2014-03,CLEMENTI,3 ROOM,68,1980,402000
74248,2016-03,CLEMENTI,3 ROOM,61,2003,398000
27563,2013-06,CLEMENTI,5 ROOM,110,2002,838000
88170,2016-11,CLEMENTI,5 ROOM,113,2013,880000
3071,2012-04,CLEMENTI,3 ROOM,67,1980,400000
64135,2015-08,CLEMENTI,4 ROOM,97,1978,500000
9515,2012-07,CLEMENTI,3 ROOM,67,1979,373000
56316,2015-03,CLEMENTI,4 ROOM,90,1978,520000
56320,2015-03,CLEMENTI,4 ROOM,86,2002,565000
60930,2015-06,CLEMENTI,3 ROOM,67,1979,352888
26010,2013-05,CLEMENTI,3 ROOM,67,1980,335000
5191,2012-05,CLEMENTI,3 ROOM,68,1980,318000
13643,2012-09,CLEMENTI,3 ROOM,82,1978,486000
44230,2014-07,CLEMENTI,4 ROOM,91,1978,460000
7476,2012-06,CLEMENTI,4 ROOM,83,1978,453000
15440,2012-10,CLEMENTI,3 ROOM,67,1979,412000
51342,2014-12,CLEMENTI,5 ROOM,123,1979,678000
43008,2014-06,CLEMENTI,3 ROOM,67,1979,415000
46963,2014-09,CLEMENTI,4 ROOM,92,1986,438000
40060,2014-04,CLEMENTI,3 ROOM,67,1979,355000
30358,2013-08,CLEMENTI,4 ROOM,92,1979,495000
5250,2012-05,CLEMENTI,4 ROOM,92,1979,522000
97178,2017-05,CLEMENTI,3 ROOM,67,1979,345000
749,2012-03,CLEMENTI,4 ROOM,92,1979,476800
57707,2015-04,CLEMENTI,3 ROOM,67,1979,340000
13635,2012-09,CLEMENTI,3 ROOM,68,1980,410000
20467,2013-01,CLEMENTI,3 ROOM,67,1980,362000
21937,2013-02,CLEMENTI,5 ROOM,121,1984,675000
9543,2012-07,CLEMENTI,4 ROOM,104,1984,625000
86521,2016-10,CLEMENTI,3 ROOM,67,1978,415000
9522,2012-07,CLEMENTI,3 ROOM,67,1978,396000
48446,2014-10,CLEMENTI,4 ROOM,105,1983,480000
11650,2012-08,CLEMENTI,3 ROOM,67,1978,420000
49939,2014-11,CLEMENTI,3 ROOM,67,1979,330000
70274,2015-12,CLEMENTI,3 ROOM,82,1979,400000
11664,2012-08,CLEMENTI,4 ROOM,91,1981,465000
24323,2013-04,CLEMENTI,3 ROOM,67,1985,360000
32938,2013-10,CLEMENTI,3 ROOM,67,1979,356000
75937,2016-04,CLEMENTI,3 ROOM,74,1983,340000
68851,2015-11,CLEMENTI,5 ROOM,121,1984,710000
9513,2012-07,CLEMENTI,3 ROOM,67,1978,352000
24350,2013-04,CLEMENTI,4 ROOM,90,2006,703000
49948,2014-11,CLEMENTI,3 ROOM,67,1978,385000
20521,2013-01,GEYLANG,4 ROOM,92,1976,543000
18987,2012-12,GEYLANG,4 ROOM,84,1986,410000
35449,2013-12,GEYLANG,4 ROOM,100,1980,510000
780,2012-03,GEYLANG,3 ROOM,60.3,1967,295000
81387,2016-07,GEYLANG,4 ROOM,92,1976,580000
62673,2015-07,GEYLANG,4 ROOM,91,1978,523000
45630,2014-08,GEYLANG,5 ROOM,110,2000,840000
64159,2015-08,GEYLANG,3 ROOM,63.1,1971,275000
67244,2015-10,GEYLANG,4 ROOM,93,2011,630000
62654,2015-07,GEYLANG,3 ROOM,56,1967,250000
15493,2012-10,GEYLANG,4 ROOM,104,1986,435000
40112,2014-04,GEYLANG,3 ROOM,75,1982,318000
43052,2014-06,GEYLANG,4 ROOM,91,1980,430000
35433,2013-12,GEYLANG,3 ROOM,68,1981,378888
27564,2013-06,GEYLANG,3 ROOM,58,1972,270000
74300,2016-03,GEYLANG,3 ROOM,59,1977,290000
67223,2015-10,GEYLANG,3 ROOM,61,1969,258000
43044,2014-06,GEYLANG,4 ROOM,91,1980,398000
79644,2016-06,GEYLANG,4 ROOM,91,1980,380000
3111,2012-04,GEYLANG,3 ROOM,59,1977,301000
53127,2015-01,GEYLANG,4 ROOM,102,1998,678000
79619,2016-06,GEYLANG,3 ROOM,66,1982,298000
9586,2012-07,GEYLANG,4 ROOM,91,1980,380000
53095,2015-01,GEYLANG,3 ROOM,77,1983,340000
61004,2015-06,GEYLANG,3 ROOM,64,1985,305000
36469,2014-01,GEYLANG,3 ROOM,64,1985,335000
24403,2013-04,GEYLANG,5 ROOM,113,2000,798000
67238,2015-10,GEYLANG,3 ROOM,58,1972,255000
64165,2015-08,GEYLANG,3 ROOM,61,1969,278000
17358,2012-11,GEYLANG,3 ROOM,69,1986,385000
15461,2012-10,GEYLANG,2 ROOM,46,1973,263000
5331,2012-05,GEYLANG,5 ROOM,110,2006,748000
27566,2013-06,GEYLANG,3 ROOM,55,1967,285000
30405,2013-08,GEYLANG,4 ROOM,104,1985,440000
99125,2017-06,GEYLANG,3 ROOM,65,1975,308000
99120,2017-06,GEYLANG,2 ROOM,42,1969,215000
792,2012-03,GEYLANG,3 ROOM,60,1969,320000
67250,2015-10,GEYLANG,4 ROOM,85,2005,565000
67257,2015-10,GEYLANG,5 ROOM,142,1984,730000
72956,2016-02,GEYLANG,4 ROOM,84,1985,386800
44278,2014-07,GEYLANG,5 ROOM,117,1977,555000
79637,2016-06,GEYLANG,4 ROOM,102,1998,665000
18974,2012-12,GEYLANG,3 ROOM,59,1977,328000
37503,2014-02,GEYLANG,3 ROOM,60,1967,288000
71710,2016-01,GEYLANG,5 ROOM,122,1996,630000
9593,2012-07,GEYLANG,4 ROOM,84,1985,422000
48473,2014-10,GEYLANG,3 ROOM,75,1982,319000
92145,2017-02,GEYLANG,4 ROOM,92,1976,480000
38729,2014-03,HOUGANG,4 ROOM,104,1987,448000
95404,2017-04,HOUGANG,3 ROOM,64,1986,280000
71765,2016-01,HOUGANG,5 ROOM,121,1987,500000
24436,2013-04,HOUGANG,4 ROOM,91,1985,440000
5393,2012-05,HOUGANG,4 ROOM,104,1987,427000
70349,2015-12,HOUGANG,3 ROOM,64,1989,291000
47012,2014-09,HOUGANG,3 ROOM,74,1983,318888
5450,2012-05,HOUGANG,EXECUTIVE,139,1997,610000
88226,2016-11,HOUGANG,3 ROOM,67,1984,265000
11848,2012-08,HOUGANG,5 ROOM,117,1997,710000
19000,2012-12,HOUGANG,3 ROOM,67,1985,345000
65655,2015-09,HOUGANG,4 ROOM,91,1986,365000
11772,2012-08,HOUGANG,4 ROOM,84,1987,419000
9644,2012-07,HOUGANG,4 ROOM,90,1998,417000
57831,2015-04,HOUGANG,4 ROOM,85,2004,365000
77900,2016-05,HOUGANG,4 ROOM,101,1998,380000
67344,2015-10,HOUGANG,EXECUTIVE,148,1987,625000
97305,2017-05,HOUGANG,4 ROOM,93,1985,342000
55155,2015-02,HOUGANG,4 ROOM,105,1990,446000
20556,2013-01,HOUGANG,4 ROOM,84,1987,430000
48552,2014-10,HOUGANG,5 ROOM,121,1987,498000
15608,2012-10,HOUGANG,5 ROOM,130,1987,556000
61124,2015-06,HOUGANG,EXECUTIVE,149,1984,608000
44331,2014-07,HOUGANG,4 ROOM,111,1985,430000
57889,2015-04,HOUGANG,EXECUTIVE,141,2000,756000
27659,2013-06,HOUGANG,EXECUTIVE,148,1992,670000
9672,2012-07,HOUGANG,4 ROOM,104,1992,460000
53247,2015-01,HOUGANG,EXECUTIVE,148,1991,630000
44300,2014-07,HOUGANG,4 ROOM,92,1985,350000
26181,2013-05,HOUGANG,5 ROOM,121,1999,555000
76074,2016-04,HOUGANG,5 ROOM,116,1999,495000
21997,2013-02,HOUGANG,4 ROOM,103,1990,470000
91084,2017-01,HOUGANG,5 ROOM,122,1998,455000
83138,2016-08,HOUGANG,4 ROOM,84,1986,367500
31765,2013-09,HOUGANG,5 ROOM,142,1984,686000
956,2012-03,HOUGANG,EXECUTIVE,149,1990,680000
77893,2016-05,HOUGANG,4 ROOM,98,1997,425000
83167,2016-08,HOUGANG,4 ROOM,106,1992,475000
83162,2016-08,HOUGANG,4 ROOM,84,1987,350000
44321,2014-07,HOUGANG,4 ROOM,95,1984,413000
22000,2013-02,HOUGANG,4 ROOM,103,1992,480000
41721,2014-05,HOUGANG,EXECUTIVE,153,1986,750000
91088,2017-01,HOUGANG,5 ROOM,120,1998,420000
3174,2012-04,HOUGANG,3 ROOM,67,1981,362000
83166,2016-08,HOUGANG,4 ROOM,101,1998,390000
53223,2015-01,HOUGANG,4 ROOM,106,1992,445000
91066,2017-01,HOUGANG,4 ROOM,108,1984,438000
15546,2012-10,HOUGANG,4 ROOM,84,1988,405000
53162,2015-01,HOUGANG,3 ROOM,74,1983,315000
17460,2012-11,HOUGANG,EXECUTIVE,146,1991,666888
48534,2014-10,HOUGANG,4 ROOM,103,1983,405000
56370,2015-03,HOUGANG,3 ROOM,69,1985,300000
5362,2012-05,HOUGANG,4 ROOM,96,1985,385000
41699,2014-05,HOUGANG,4 ROOM,103,1986,433000
67342,2015-10,HOUGANG,EXECUTIVE,152,1986,635500
77835,2016-05,HOUGANG,2 ROOM,47,2012,268000
89798,2016-12,HOUGANG,5 ROOM,110,2003,438000
88236,2016-11,HOUGANG,4 ROOM,82,1975,310000
97294,2017-05,HOUGANG,4 ROOM,91,1985,380000
68913,2015-11,HOUGANG,4 ROOM,93,1983,380000
84997,2016-09,HOUGANG,EXECUTIVE,148,1992,838800
79689,2016-06,HOUGANG,4 ROOM,85,2003,365000
15601,2012-10,HOUGANG,4 ROOM,100,1997,535000
81460,2016-07,HOUGANG,5 ROOM,110,2003,433000
9690,2012-07,HOUGANG,5 ROOM,121,1997,505000
845,2012-03,HOUGANG,3 ROOM,66,1982,320000
38743,2014-03,HOUGANG,5 ROOM,120,1998,508000
19005,2012-12,HOUGANG,3 ROOM,67,1983,340000
48539,2014-10,HOUGANG,4 ROOM,100,1998,423000
30424,2013-08,HOUGANG,3 ROOM,60,1985,352000
40182,2014-04,HOUGANG,4 ROOM,90,1999,410000
77880,2016-05,HOUGANG,4 ROOM,91,1986,326000
27653,2013-06,HOUGANG,4 ROOM,106,1992,585000
65633,2015-09,HOUGANG,3 ROOM,60,1987,280000
61094,2015-06,HOUGANG,4 ROOM,90,1998,350000
88273,2016-11,HOUGANG,5 ROOM,120,1987,420000
83174,2016-08,HOUGANG,4 ROOM,103,1997,393888
59386,2015-05,HOUGANG,3 ROOM,67,1983,308000
56398,2015-03,HOUGANG,4 ROOM,98,1997,425000
55127,2015-02,HOUGANG,3 ROOM,64,1986,325000
86675,2016-10,HOUGANG,5 ROOM,120,1999,470000
59456,2015-05,HOUGANG,EXECUTIVE,142,1998,625000
15521,2012-10,HOUGANG,3 ROOM,67,1984,340000
7569,2012-06,HOUGANG,3 ROOM,67,1986,335000
71724,2016-01,HOUGANG,3 ROOM,64,1986,270000
88283,2016-11,HOUGANG,EXECUTIVE,148,1992,678000
28949,2013-07,HOUGANG,3 ROOM,67,1983,358000
17426,2012-11,HOUGANG,4 ROOM,93,1985,455000
76052,2016-04,HOUGANG,4 ROOM,89,1987,364000
57905,2015-04,JURONG EAST,4 ROOM,95,1982,385000
23096,2013-03,JURONG EAST,5 ROOM,120,1998,655000
88333,2016-11,JURONG EAST,EXECUTIVE,147,1985,680000
61148,2015-06,JURONG EAST,4 ROOM,92,1984,460000
86710,2016-10,JURONG EAST,4 ROOM,102,1998,465000
88310,2016-11,JURONG EAST,3 ROOM,72,2013,350000
23085,2013-03,JURONG EAST,5 ROOM,131,1985,515000
50100,2014-11,JURONG EAST,5 ROOM,135,1984,555000
27673,2013-06,JURONG EAST,3 ROOM,67,1981,360000
34390,2013-11,JURONG EAST,3 ROOM,73,1979,302000
7686,2012-06,JURONG EAST,5 ROOM,121,1983,520000
68971,2015-11,JURONG EAST,4 ROOM,91,1998,430000
53262,2015-01,JURONG EAST,3 ROOM,67,1983,280000
93605,2017-03,JURONG EAST,4 ROOM,99,1981,380000
97370,2017-05,JURONG EAST,3 ROOM,83,1989,385000
36550,2014-01,JURONG EAST,3 ROOM,77,1977,295000
59501,2015-05,JURONG EAST,5 ROOM,120,1998,590000
26241,2013-05,JURONG EAST,EXECUTIVE,149,1985,640000
27667,2013-06,JURONG EAST,3 ROOM,74,1986,350000
45701,2014-08,JURONG EAST,4 ROOM,83,1987,315000
19081,2012-12,JURONG EAST,4 ROOM,105,1984,453000
95488,2017-04,JURONG EAST,3 ROOM,74,1983,300000
71781,2016-01,JURONG EAST,3 ROOM,82,1983,338000
48600,2014-10,JURONG EAST,4 ROOM,90,1998,470000
57895,2015-04,JURONG EAST,3 ROOM,70,1983,295000
85008,2016-09,JURONG EAST,4 ROOM,95,1983,431000
27689,2013-06,JURONG EAST,EXECUTIVE,143,1998,757000
51454,2014-12,JURONG EAST,3 ROOM,67,1983,288000
1019,2012-03,JURONG EAST,5 ROOM,135,1984,570000
41751,2014-05,JURONG EAST,5 ROOM,120,1981,635000
5471,2012-05,JURONG EAST,3 ROOM,67,1984,330000
97365,2017-05,JURONG EAST,3 ROOM,74,1983,320000
35526,2013-12,JURONG EAST,3 ROOM,67,1983,340000
91117,2017-01,JURONG EAST,4 ROOM,91,2003,362000
62804,2015-07,JURONG EAST,EXECUTIVE,149,1985,605000
79778,2016-06,JURONG EAST,3 ROOM,70,1983,315000
81511,2016-07,JURONG EAST,4 ROOM,102,1999,460000
76098,2016-04,JURONG EAST,3 ROOM,68,1983,296000
77940,2016-05,JURONG EAST,3 ROOM,68,1983,338000
99271,2017-06,JURONG EAST,4 ROOM,104,1983,410000
17472,2012-11,JURONG EAST,3 ROOM,67,1981,340000
41724,2014-05,JURONG EAST,3 ROOM,68,1985,300000
97390,2017-05,JURONG EAST,5 ROOM,135,1984,460000
76083,2016-04,JURONG EAST,3 ROOM,68,1983,335000
31784,2013-09,JURONG EAST,4 ROOM,93,1983,418000
78120,2016-05,JURONG WEST,EXECUTIVE,141,1989,422000
33138,2013-10,JURONG WEST,3 ROOM,74,1984,375000
40395,2014-04,JURONG WEST,5 ROOM,110,2001,510000
85132,2016-09,JURONG WEST,5 ROOM,110,2008,438000
3367,2012-04,JURONG WEST,4 ROOM,103,1985,425000
77993,2016-05,JURONG WEST,3 ROOM,73,1984,306000
29183,2013-07,JURONG WEST,EXECUTIVE,130,2001,592000
23154,2013-03,JURONG WEST,5 ROOM,127,1988,452000
41828,2014-05,JURONG WEST,4 ROOM,94,2008,410000
59596,2015-05,JURONG WEST,5 ROOM,110,2001,448000
9961,2012-07,JURONG WEST,EXECUTIVE,156,1985,585000
89854,2016-12,JURONG WEST,3 ROOM,59,1975,230000
61330,2015-06,JURONG WEST,EXECUTIVE,125,2002,510000
62816,2015-07,JURONG WEST,3 ROOM,74,1984,320000
20726,2013-01,JURONG WEST,5 ROOM,121,1990,449000
97547,2017-05,JURONG WEST,EXECUTIVE,130,2000,566000
9843,2012-07,JURONG WEST,4 ROOM,91,2002,410000
9775,2012-07,JURONG WEST,3 ROOM,59,1978,287000
30631,2013-08,JURONG WEST,5 ROOM,110,2008,560000
61243,2015-06,JURONG WEST,4 ROOM,91,2000,400000
3306,2012-04,JURONG WEST,3 ROOM,66,1974,309000
71881,2016-01,JURONG WEST,5 ROOM,110,2001,468000
79885,2016-06,JURONG WEST,5 ROOM,109,1979,410000
67482,2015-10,JURONG WEST,5 ROOM,110,2001,485888
86789,2016-10,JURONG WEST,4 ROOM,104,1990,370000
1051,2012-03,JURONG WEST,3 ROOM,73,1988,334000
55221,2015-02,JURONG WEST,4 ROOM,104,1990,351000
15796,2012-10,JURONG WEST,EXECUTIVE,133,2002,580000
93630,2017-03,JURONG WEST,3 ROOM,65,1976,260000
41780,2014-05,JURONG WEST,3 ROOM,67,1985,330000
20671,2013-01,JURONG WEST,3 ROOM,74,1976,348000
85128,2016-09,JURONG WEST,5 ROOM,110,2008,460000
67430,2015-10,JURONG WEST,4 ROOM,109,1985,320000
86798,2016-10,JURONG WEST,4 ROOM,93,2006,434000
35557,2013-12,JURONG WEST,3 ROOM,75,1984,320000
17661,2012-11,JURONG WEST,EXECUTIVE,130,2001,610000
78043,2016-05,JURONG WEST,4 ROOM,91,2000,438000
19132,2012-12,JURONG WEST,3 ROOM,73,1988,340000
59518,2015-05,JURONG WEST,3 ROOM,64,1986,270000
76230,2016-04,JURONG WEST,5 ROOM,122,1998,480000
76188,2016-04,JURONG WEST,4 ROOM,91,2000,430000
53372,2015-01,JURONG WEST,4 ROOM,106,1993,365000
50185,2014-11,JURONG WEST,5 ROOM,123,1998,565000
79819,2016-06,JURONG WEST,3 ROOM,67,1983,308000
45809,2014-08,JURONG WEST,5 ROOM,110,2000,490000
59567,2015-05,JURONG WEST,4 ROOM,91,2001,390000
5632,2012-05,JURONG WEST,4 ROOM,102,1997,485500
17668,2012-11,JURONG WEST,EXECUTIVE,130,2000,622000
45837,2014-08,JURONG WEST,EXECUTIVE,139,1997,618800
15679,2012-10,JURONG WEST,3 ROOM,65,1977,335000
47215,2014-09,JURONG WEST,5 ROOM,128,1996,485000
95530,2017-04,JURONG WEST,3 ROOM,59,1978,240000
76265,2016-04,JURONG WEST,EXECUTIVE,147,1993,510000
1173,2012-03,JURONG WEST,5 ROOM,122,1997,498000
83360,2016-08,JURONG WEST,5 ROOM,115,2001,505000
93719,2017-03,JURONG WEST,5 ROOM,133,1985,477500
9943,2012-07,JURONG WEST,EXECUTIVE,146,1993,535000
95565,2017-04,JURONG WEST,4 ROOM,104,1989,320000
20754,2013-01,JURONG WEST,5 ROOM,113,2003,502000
97501,2017-05,JURONG WEST,5 ROOM,145,1984,480000
22076,2013-02,JURONG WEST,4 ROOM,91,2000,481000
9924,2012-07,JURONG WEST,5 ROOM,110,2001,500000
24662,2013-04,JURONG WEST,EXECUTIVE,146,1989,580000
62863,2015-07,JURONG WEST,4 ROOM,104,1990,330000
33109,2013-10,JURONG WEST,3 ROOM,59,1975,286000
11918,2012-08,JURONG WEST,4 ROOM,104,1985,390000
73075,2016-02,JURONG WEST,4 ROOM,86,2002,350000
3350,2012-04,JURONG WEST,4 ROOM,85,2000,408000
19125,2012-12,JURONG WEST,3 ROOM,74,1986,340000
36646,2014-01,JURONG WEST,5 ROOM,121,1997,503000
41826,2014-05,JURONG WEST,4 ROOM,103,1997,406500
7730,2012-06,JURONG WEST,3 ROOM,74,1984,402000
92262,2017-02,JURONG WEST,4 ROOM,90,2002,355000
37649,2014-02,JURONG WEST,5 ROOM,110,2008,495000
31870,2013-09,JURONG WEST,5 ROOM,134,1985,505000
56533,2015-03,JURONG WEST,5 ROOM,110,2008,475000
45751,2014-08,JURONG WEST,4 ROOM,108,1988,360000
29086,2013-07,JURONG WEST,4 ROOM,90,2002,403000
70513,2015-12,JURONG WEST,5 ROOM,110,2002,465000
88419,2016-11,JURONG WEST,5 ROOM,110,2002,462000
24535,2013-04,JURONG WEST,3 ROOM,64,1986,305000
57950,2015-04,JURONG WEST,4 ROOM,94,2003,336000
13938,2012-09,JURONG WEST,5 ROOM,110,2001,550000
23103,2013-03,JURONG WEST,3 ROOM,66,1974,305000
89873,2016-12,JURONG WEST,3 ROOM,61,1974,233000
31865,2013-09,JURONG WEST,5 ROOM,126,1993,490000
62869,2015-07,JURONG WEST,4 ROOM,94,2010,440000
47242,2014-09,JURONG WEST,5 ROOM,115,2000,600000
44413,2014-07,JURONG WEST,3 ROOM,65,1976,300000
59607,2015-05,JURONG WEST,5 ROOM,110,2002,470000
97508,2017-05,JURONG WEST,5 ROOM,120,1998,488000
23179,2013-03,JURONG WEST,5 ROOM,139,1985,515000
47198,2014-09,JURONG WEST,4 ROOM,91,2000,450000
9875,2012-07,JURONG WEST,4 ROOM,109,1995,442000
7707,2012-06,JURONG WEST,3 ROOM,67,1985,330000
29071,2013-07,JURONG WEST,3 ROOM,73,1989,342000
79836,2016-06,JURONG WEST,4 ROOM,94,2000,479988
13873,2012-09,JURONG WEST,4 ROOM,91,2001,435000
50126,2014-11,JURONG WEST,5 ROOM,111,2001,360000
22057,2013-02,JURONG WEST,4 ROOM,104,1989,415000
38871,2014-03,JURONG WEST,5 ROOM,135,1985,440000
33196,2013-10,JURONG WEST,5 ROOM,120,1998,520000
79871,2016-06,JURONG WEST,4 ROOM,107,1993,342000
31869,2013-09,JURONG WEST,4 ROOM,106,1998,500000
97478,2017-05,JURONG WEST,4 ROOM,93,2006,428000
23136,2013-03,JURONG WEST,4 ROOM,103,1985,423000
43186,2014-06,JURONG WEST,4 ROOM,103,1985,405000
69059,2015-11,JURONG WEST,4 ROOM,104,1988,340000
73109,2016-02,JURONG WEST,5 ROOM,110,2008,488000
33160,2013-10,JURONG WEST,5 ROOM,121,1989,435000
51514,2014-12,JURONG WEST,4 ROOM,90,2001,365000
53455,2015-01,JURONG WEST,5 ROOM,110,2000,460000
30603,2013-08,JURONG WEST,5 ROOM,123,1997,497000
85082,2016-09,JURONG WEST,4 ROOM,103,1985,395000
85142,2016-09,JURONG WEST,5 ROOM,122,1988,405000
29171,2013-07,JURONG WEST,5 ROOM,110,2000,558000
85153,2016-09,JURONG WEST,EXECUTIVE,135,2000,586000
76263,2016-04,JURONG WEST,EXECUTIVE,146,1993,495000
12034,2012-08,JURONG WEST,EXECUTIVE,145,1993,565000
30541,2013-08,JURONG WEST,3 ROOM,67,1971,325000
5544,2012-05,JURONG WEST,3 ROOM,67,1985,325000
67481,2015-10,JURONG WEST,5 ROOM,110,2001,458000
45783,2014-08,JURONG WEST,5 ROOM,135,1985,415000
74482,2016-03,JURONG WEST,4 ROOM,106,1998,470000
61197,2015-06,JURONG WEST,3 ROOM,76,1984,302000
26316,2013-05,JURONG WEST,5 ROOM,110,2002,465000
48641,2014-10,JURONG WEST,4 ROOM,109,1993,366000
30582,2013-08,JURONG WEST,4 ROOM,91,2008,458000
79916,2016-06,JURONG WEST,5 ROOM,110,2008,518000
17653,2012-11,JURONG WEST,EXECUTIVE,130,2001,578000
71823,2016-01,JURONG WEST,4 ROOM,93,2000,388000
59533,2015-05,JURONG WEST,3 ROOM,82,1982,308000
95547,2017-04,JURONG WEST,3 ROOM,64,1985,235000
24563,2013-04,JURONG WEST,4 ROOM,107,1993,405000
48620,2014-10,JURONG WEST,3 ROOM,65,1976,295000
11919,2012-08,JURONG WEST,4 ROOM,105,1988,390000
93623,2017-03,JURONG WEST,3 ROOM,59,1975,270000
64329,2015-08,JURONG WEST,4 ROOM,104,1984,350000
91218,2017-01,JURONG WEST,5 ROOM,115,2001,500000
40367,2014-04,JURONG WEST,4 ROOM,100,1998,430000
56531,2015-03,JURONG WEST,5 ROOM,110,2002,458000
89922,2016-12,JURONG WEST,5 ROOM,110,2001,465000
64386,2015-08,JURONG WEST,5 ROOM,116,2001,450000
3329,2012-04,JURONG WEST,4 ROOM,109,1993,389000
77975,2016-05,JURONG WEST,2 ROOM,48,2008,220000
9962,2012-07,JURONG WEST,EXECUTIVE,132,2002,585000
56495,2015-03,JURONG WEST,4 ROOM,104,1996,379000
35566,2013-12,JURONG WEST,4 ROOM,103,1984,403000
74562,2016-03,JURONG WEST,EXECUTIVE,132,2000,682500
7778,2012-06,JURONG WEST,5 ROOM,111,2001,460000
56506,2015-03,JURONG WEST,4 ROOM,90,2001,395888
58001,2015-04,JURONG WEST,5 ROOM,111,2002,420000
19148,2012-12,JURONG WEST,4 ROOM,84,1985,383500
83379,2016-08,JURONG WEST,5 ROOM,123,1996,418000
36622,2014-01,JURONG WEST,5 ROOM,135,1985,433000
29184,2013-07,JURONG WEST,5 ROOM,120,1998,593000
23195,2013-03,JURONG WEST,EXECUTIVE,126,2002,553000
31859,2013-09,JURONG WEST,5 ROOM,116,2001,480000
45778,2014-08,JURONG WEST,4 ROOM,91,2000,405000
62860,2015-07,JURONG WEST,4 ROOM,104,1990,355000
79806,2016-06,JURONG WEST,3 ROOM,74,1976,300000
93757,2017-03,JURONG WEST,EXECUTIVE,130,2000,648888
13927,2012-09,JURONG WEST,5 ROOM,121,1998,523000
76191,2016-04,JURONG WEST,4 ROOM,90,2000,382000
41818,2014-05,JURONG WEST,4 ROOM,102,1985,400000
56474,2015-03,JURONG WEST,3 ROOM,69,2012,328000
50140,2014-11,JURONG WEST,4 ROOM,90,2000,408000
78048,2016-05,JURONG WEST,4 ROOM,103,1989,352000
97463,2017-05,JURONG WEST,4 ROOM,109,1993,335000
15755,2012-10,JURONG WEST,4 ROOM,113,1995,480000
47195,2014-09,JURONG WEST,5 ROOM,110,2001,447500
67518,2015-10,JURONG WEST,EXECUTIVE,155,1990,650000
15711,2012-10,JURONG WEST,4 ROOM,90,2001,414000
89888,2016-12,JURONG WEST,4 ROOM,104,1984,375000
36595,2014-01,JURONG WEST,4 ROOM,106,1996,370000
91165,2017-01,JURONG WEST,4 ROOM,103,1985,360000
11894,2012-08,JURONG WEST,3 ROOM,64,1985,303000
53421,2015-01,JURONG WEST,4 ROOM,95,2000,420000
7838,2012-06,JURONG WEST,EXECUTIVE,147,1997,542000
92270,2017-02,JURONG WEST,4 ROOM,100,1998,416000
97585,2017-05,KALLANG/WHAMPOA,3 ROOM,65,1974,243888
93791,2017-03,KALLANG/WHAMPOA,4 ROOM,92,2012,680000
27808,2013-06,KALLANG/WHAMPOA,3 ROOM,66,1972,370000
59670,2015-05,KALLANG/WHAMPOA,EXECUTIVE,141,1986,769000
89969,2016-12,KALLANG/WHAMPOA,4 ROOM,94,1980,470000
30651,2013-08,KALLANG/WHAMPOA,3 ROOM,63,1981,345000
44527,2014-07,KALLANG/WHAMPOA,3 ROOM,59,1981,375000
45871,2014-08,KALLANG/WHAMPOA,5 ROOM,109,2004,690000
23252,2013-03,KALLANG/WHAMPOA,EXECUTIVE,140,1986,890000
29244,2013-07,KALLANG/WHAMPOA,4 ROOM,90,2006,585000
58106,2015-04,KALLANG/WHAMPOA,4 ROOM,101,1997,600000
47259,2014-09,KALLANG/WHAMPOA,3 ROOM,60,1969,345000
34534,2013-11,KALLANG/WHAMPOA,3 ROOM,68,1979,362000
20821,2013-01,KALLANG/WHAMPOA,3 ROOM,68,1979,408000
38935,2014-03,KALLANG/WHAMPOA,4 ROOM,91,1974,440000
97618,2017-05,KALLANG/WHAMPOA,5 ROOM,107,2011,948000
93821,2017-03,KALLANG/WHAMPOA,5 ROOM,123,1996,688000
69136,2015-11,KALLANG/WHAMPOA,3 ROOM,64,1987,365000
31921,2013-09,KALLANG/WHAMPOA,4 ROOM,88.1,1974,550000
47284,2014-09,KALLANG/WHAMPOA,4 ROOM,90,2006,625000
17678,2012-11,KALLANG/WHAMPOA,3 ROOM,59,1976,334000
95714,2017-04,KALLANG/WHAMPOA,5 ROOM,109,2011,920000
55302,2015-02,KALLANG/WHAMPOA,3 ROOM,65,1974,306000
43284,2014-06,KALLANG/WHAMPOA,4 ROOM,100,1998,600000
53578,2015-01,KALLANG/WHAMPOA,4 ROOM,90,2006,648000
69133,2015-11,KALLANG/WHAMPOA,3 ROOM,56,1970,275000
93794,2017-03,KALLANG/WHAMPOA,4 ROOM,107,1996,610000
86898,2016-10,KALLANG/WHAMPOA,4 ROOM,104,1985,505000
34532,2013-11,KALLANG/WHAMPOA,3 ROOM,68,1972,350000
69153,2015-11,KALLANG/WHAMPOA,5 ROOM,132,1986,777000
76328,2016-04,KALLANG/WHAMPOA,5 ROOM,110,2003,805000
47275,2014-09,KALLANG/WHAMPOA,5 ROOM,122,1987,550000
19248,2012-12,KALLANG/WHAMPOA,3 ROOM,65,1974,350000
97619,2017-05,KALLANG/WHAMPOA,5 ROOM,120,1997,580000
65864,2015-09,KALLANG/WHAMPOA,3 ROOM,65,1974,335000
76314,2016-04,KALLANG/WHAMPOA,4 ROOM,104,1987,495000
50222,2014-11,KALLANG/WHAMPOA,4 ROOM,91,1976,495000
53592,2015-01,KALLANG/WHAMPOA,5 ROOM,122,1981,700000
34545,2013-11,KALLANG/WHAMPOA,5 ROOM,114,1976,555500
9988,2012-07,KALLANG/WHAMPOA,3 ROOM,63,1981,331500
3481,2012-04,KALLANG/WHAMPOA,3 ROOM,65,1974,370000
35636,2013-12,KALLANG/WHAMPOA,3 ROOM,62,2004,538888
85177,2016-09,KALLANG/WHAMPOA,3 ROOM,60,1969,285000
23228,2013-03,KALLANG/WHAMPOA,3 ROOM,78,1972,412000
12071,2012-08,KALLANG/WHAMPOA,3 ROOM,66,1974,330000
64400,2015-08,KALLANG/WHAMPOA,3 ROOM,63,1981,295000
70555,2015-12,KALLANG/WHAMPOA,3 ROOM,64,1987,340000
9982,2012-07,KALLANG/WHAMPOA,3 ROOM,56,1971,300000
45867,2014-08,KALLANG/WHAMPOA,4 ROOM,85,2006,635000
55316,2015-02,KALLANG/WHAMPOA,3 ROOM,67,2012,448000
33234,2013-10,KALLANG/WHAMPOA,3 ROOM,65,1974,343000
3462,2012-04,KALLANG/WHAMPOA,2 ROOM,48,1970,285000
19260,2012-12,KALLANG/WHAMPOA,4 ROOM,106,1984,647000
15830,2012-10,KALLANG/WHAMPOA,3 ROOM,67,1984,395000
27799,2013-06,KALLANG/WHAMPOA,3 ROOM,56,1971,305000
15834,2012-10,KALLANG/WHAMPOA,4 ROOM,82,1976,430000
38950,2014-03,KALLANG/WHAMPOA,4 ROOM,90,2006,612000
56550,2015-03,KALLANG/WHAMPOA,3 ROOM,59,1973,285000
91244,2017-01,KALLANG/WHAMPOA,3 ROOM,68,1979,330000
65893,2015-09,KALLANG/WHAMPOA,5 ROOM,118,1984,670000
55305,2015-02,KALLANG/WHAMPOA,3 ROOM,65,1974,338000
95694,2017-04,KALLANG/WHAMPOA,4 ROOM,92,2012,715000
91275,2017-01,KALLANG/WHAMPOA,5 ROOM,122,1998,680000
26437,2013-05,MARINE PARADE,3 ROOM,65,1975,465000
59675,2015-05,MARINE PARADE,4 ROOM,82,1976,527000
29263,2013-07,MARINE PARADE,3 ROOM,65,1975,460000
34557,2013-11,MARINE PARADE,4 ROOM,82,1975,547000
24740,2013-04,MARINE PARADE,3 ROOM,70,1975,465000
88504,2016-11,MARINE PARADE,3 ROOM,65,1975,418000
58121,2015-04,MARINE PARADE,4 ROOM,82,1975,460000
41949,2014-05,MARINE PARADE,4 ROOM,87,1976,568000
23258,2013-03,MARINE PARADE,3 ROOM,65,1976,430000
50246,2014-11,MARINE PARADE,5 ROOM,120,1977,830000
17723,2012-11,MARINE PARADE,3 ROOM,65,1975,398000
31939,2013-09,MARINE PARADE,5 ROOM,126,1975,843888
1273,2012-03,MARINE PARADE,4 ROOM,87,1976,490000
36701,2014-01,MARINE PARADE,3 ROOM,76,1976,440000
85226,2016-09,MARINE PARADE,3 ROOM,76,1975,465000
86911,2016-10,MARINE PARADE,3 ROOM,65,1975,405000
67585,2015-10,MARINE PARADE,3 ROOM,68,1976,362000
23255,2013-03,MARINE PARADE,3 ROOM,65,1975,413800
3522,2012-04,MARINE PARADE,3 ROOM,59,1975,385000
55330,2015-02,MARINE PARADE,3 ROOM,70,1975,428000
19281,2012-12,MARINE PARADE,5 ROOM,122,1977,910000
76354,2016-04,PASIR RIS,4 ROOM,106,1990,390000
53618,2015-01,PASIR RIS,4 ROOM,106,1989,405000
70620,2015-12,PASIR RIS,5 ROOM,126,1993,470000
99506,2017-06,PASIR RIS,4 ROOM,84,1988,363000
29284,2013-07,PASIR RIS,4 ROOM,103,1989,472000
48870,2014-10,PASIR RIS,5 ROOM,133,1993,605000
67600,2015-10,PASIR RIS,4 ROOM,105,1989,430000
15882,2012-10,PASIR RIS,4 ROOM,105,1989,437500
20878,2013-01,PASIR RIS,5 ROOM,122,1995,530288
73202,2016-02,PASIR RIS,5 ROOM,125,1996,445000
20870,2013-01,PASIR RIS,4 ROOM,104,1992,485000
36713,2014-01,PASIR RIS,4 ROOM,103,1989,435000
78228,2016-05,PASIR RIS,4 ROOM,103,1996,397000
15907,2012-10,PASIR RIS,5 ROOM,126,1995,502000
33299,2013-10,PASIR RIS,5 ROOM,134,1996,540000
7931,2012-06,PASIR RIS,4 ROOM,105,1996,425000
78204,2016-05,PASIR RIS,4 ROOM,104,1996,390000
48836,2014-10,PASIR RIS,4 ROOM,103,1989,416800
45911,2014-08,PASIR RIS,5 ROOM,126,1995,480000
92379,2017-02,PASIR RIS,5 ROOM,128,1996,437000
5830,2012-05,PASIR RIS,5 ROOM,125,1996,535000
67601,2015-10,PASIR RIS,4 ROOM,114,1989,395000
56615,2015-03,PASIR RIS,4 ROOM,106,1993,425000
90021,2016-12,PASIR RIS,5 ROOM,122,1993,420000
5847,2012-05,PASIR RIS,EXECUTIVE,143,1996,645000
56644,2015-03,PASIR RIS,EXECUTIVE,146,1989,585000
43319,2014-06,PASIR RIS,4 ROOM,104,1995,415000
38987,2014-03,PASIR RIS,4 ROOM,106,1989,445000
15901,2012-10,PASIR RIS,4 ROOM,103,1989,486000
93883,2017-03,PASIR RIS,5 ROOM,123,1993,500000
37742,2014-02,PASIR RIS,5 ROOM,123,1996,570000
74682,2016-03,PASIR RIS,EXECUTIVE,147,1993,512000
93889,2017-03,PASIR RIS,5 ROOM,128,1996,455000
3579,2012-04,PASIR RIS,5 ROOM,128,1996,540000
56645,2015-03,PASIR RIS,EXECUTIVE,147,1995,640000
40512,2014-04,PASIR RIS,EXECUTIVE,144,1992,690000
78208,2016-05,PASIR RIS,4 ROOM,106,1992,405088
3540,2012-04,PASIR RIS,4 ROOM,104,1993,428000
22150,2013-02,PASIR RIS,5 ROOM,126,1996,560000
51648,2014-12,PASIR RIS,4 ROOM,103,1989,410000
63000,2015-07,PASIR RIS,5 ROOM,126,1996,460000
58146,2015-04,PASIR RIS,5 ROOM,126,1993,450000
69206,2015-11,PASIR RIS,5 ROOM,125,1996,440000
67641,2015-10,PASIR RIS,EXECUTIVE,144,1992,598000
33309,2013-10,PASIR RIS,EXECUTIVE,149,1993,587000
90035,2016-12,PASIR RIS,EXECUTIVE,146,1993,625000
15927,2012-10,PASIR RIS,5 ROOM,136,1992,539000
83486,2016-08,PASIR RIS,4 ROOM,104,1995,378000
17771,2012-11,PASIR RIS,5 ROOM,121,1995,553000
76371,2016-04,PASIR RIS,5 ROOM,125,1995,435000
55370,2015-02,PASIR RIS,EXECUTIVE,144,1992,650000
83505,2016-08,PASIR RIS,4 ROOM,109,1995,435000
22142,2013-02,PASIR RIS,5 ROOM,128,1995,500000
47314,2014-09,PASIR RIS,4 ROOM,106,1993,425000
93904,2017-03,PASIR RIS,EXECUTIVE,150,1993,532500
61439,2015-06,PASIR RIS,EXECUTIVE,151,1994,540000
95755,2017-04,PASIR RIS,4 ROOM,104,1995,385888
15876,2012-10,PASIR RIS,4 ROOM,105,1995,412000
53699,2015-01,PASIR RIS,EXECUTIVE,153,1996,620000
36709,2014-01,PASIR RIS,4 ROOM,106,1989,405000
88535,2016-11,PASIR RIS,5 ROOM,123,1992,480000
59744,2015-05,PASIR RIS,EXECUTIVE,149,1995,735000
34581,2013-11,PASIR RIS,4 ROOM,105,1992,485000
29294,2013-07,PASIR RIS,5 ROOM,122,1989,511000
91318,2017-01,PASIR RIS,EXECUTIVE,146,1988,638000
53657,2015-01,PASIR RIS,5 ROOM,127,1993,480000
40503,2014-04,PASIR RIS,5 ROOM,127,1993,545000
88526,2016-11,PASIR RIS,4 ROOM,104,1996,410000
59743,2015-05,PASIR RIS,EXECUTIVE,147,1990,685000
10055,2012-07,PASIR RIS,4 ROOM,106,1993,417000
58148,2015-04,PASIR RIS,4 ROOM,111,1996,460000
58149,2015-04,PASIR RIS,5 ROOM,137,1993,460000
31961,2013-09,PASIR RIS,4 ROOM,107,1990,465000
53792,2015-01,PUNGGOL,5 ROOM,110,2005,500000
55419,2015-02,PUNGGOL,5 ROOM,110,2003,510000
17812,2012-11,PUNGGOL,4 ROOM,92,2009,538000
43367,2014-06,PUNGGOL,5 ROOM,110,2003,520000
97700,2017-05,PUNGGOL,3 ROOM,69,2012,380000
17805,2012-11,PUNGGOL,4 ROOM,91,2005,509000
88642,2016-11,PUNGGOL,5 ROOM,112,2013,520000
76407,2016-04,PUNGGOL,4 ROOM,94,2004,421800
53760,2015-01,PUNGGOL,5 ROOM,112,2003,458000
59792,2015-05,PUNGGOL,EXECUTIVE,128,2004,560000
24820,2013-04,PUNGGOL,5 ROOM,110,2005,548000
94017,2017-03,PUNGGOL,5 ROOM,110,2004,450000
88617,2016-11,PUNGGOL,5 ROOM,114,2004,488000
15969,2012-10,PUNGGOL,4 ROOM,90,2003,492000
95819,2017-04,PUNGGOL,4 ROOM,90,2003,353000
97714,2017-05,PUNGGOL,4 ROOM,94,2012,420000
95846,2017-04,PUNGGOL,4 ROOM,93,2012,452000
70695,2015-12,PUNGGOL,5 ROOM,110,2003,430000
10190,2012-07,PUNGGOL,5 ROOM,114,2004,596000
94033,2017-03,PUNGGOL,EXECUTIVE,130,2003,558000
12216,2012-08,PUNGGOL,4 ROOM,90,2004,493000
15984,2012-10,PUNGGOL,5 ROOM,111,2003,532000
80096,2016-06,PUNGGOL,4 ROOM,97,2012,535000
40556,2014-04,PUNGGOL,EXECUTIVE,128,2004,650888
5899,2012-05,PUNGGOL,4 ROOM,90,2007,535000
26528,2013-05,PUNGGOL,5 ROOM,110,2004,580000
34614,2013-11,PUNGGOL,5 ROOM,110,2003,510000
34627,2013-11,PUNGGOL,EXECUTIVE,129,2003,616888
85353,2016-09,PUNGGOL,5 ROOM,112,2013,470000
53781,2015-01,PUNGGOL,4 ROOM,93,2011,483000
59771,2015-05,PUNGGOL,5 ROOM,110,2003,440000
12258,2012-08,PUNGGOL,5 ROOM,114,2004,565000
24806,2013-04,PUNGGOL,4 ROOM,93,2005,450000
43372,2014-06,PUNGGOL,5 ROOM,112,2005,530000
27921,2013-06,PUNGGOL,5 ROOM,114,2004,600000
39034,2014-03,PUNGGOL,4 ROOM,90,2007,498000
99561,2017-06,PUNGGOL,4 ROOM,92,2012,405000
37754,2014-02,PUNGGOL,4 ROOM,90,2002,460000
76438,2016-04,PUNGGOL,4 ROOM,92,2012,500000
50338,2014-11,PUNGGOL,EXECUTIVE,130,2003,570000
14091,2012-09,PUNGGOL,4 ROOM,85,2003,478888
59772,2015-05,PUNGGOL,5 ROOM,110,2003,440000
86964,2016-10,PUNGGOL,4 ROOM,92,2012,412000
86984,2016-10,PUNGGOL,4 ROOM,93,2012,520888
88620,2016-11,PUNGGOL,5 ROOM,110,2004,450000
36773,2014-01,PUNGGOL,5 ROOM,111,2005,545000
53749,2015-01,PUNGGOL,5 ROOM,112,2005,447000
53789,2015-01,PUNGGOL,4 ROOM,93,2011,500000
10168,2012-07,PUNGGOL,5 ROOM,110,2003,542000
76402,2016-04,PUNGGOL,4 ROOM,90,2003,360000
12240,2012-08,PUNGGOL,5 ROOM,111,2003,528000
40534,2014-04,PUNGGOL,5 ROOM,110,2003,498000
83626,2016-08,PUNGGOL,5 ROOM,110,2003,440000
20931,2013-01,PUNGGOL,5 ROOM,110,2003,625000
87042,2016-10,PUNGGOL,5 ROOM,113,2013,630000
19346,2012-12,PUNGGOL,5 ROOM,111,2003,550000
50315,2014-11,PUNGGOL,5 ROOM,110,2003,450000
53774,2015-01,PUNGGOL,5 ROOM,110,2003,475888
8049,2012-06,PUNGGOL,5 ROOM,110,2003,550000
14093,2012-09,PUNGGOL,4 ROOM,95,2004,481000
97707,2017-05,PUNGGOL,4 ROOM,92,2012,450000
56671,2015-03,PUNGGOL,5 ROOM,110,2003,440000
74725,2016-03,PUNGGOL,4 ROOM,92,2012,462000
88594,2016-11,PUNGGOL,4 ROOM,98,2013,520000
55420,2015-02,PUNGGOL,4 ROOM,93,2011,512000
94023,2017-03,PUNGGOL,5 ROOM,110,2003,395000
5908,2012-05,PUNGGOL,5 ROOM,114,2004,550000
76454,2016-04,PUNGGOL,5 ROOM,110,2003,460000
41996,2014-05,PUNGGOL,4 ROOM,94,2004,428000
45966,2014-08,PUNGGOL,5 ROOM,110,2003,510000
10144,2012-07,PUNGGOL,4 ROOM,92,2009,485000
83633,2016-08,PUNGGOL,5 ROOM,112,2003,446888
93986,2017-03,PUNGGOL,4 ROOM,99,2013,452000
47356,2014-09,PUNGGOL,4 ROOM,92,2009,445000
33354,2013-10,QUEENSTOWN,3 ROOM,56,1971,335000
24847,2013-04,QUEENSTOWN,3 ROOM,56,1973,340000
70726,2015-12,QUEENSTOWN,3 ROOM,59,1974,355000
73270,2016-02,QUEENSTOWN,5 ROOM,111,2003,814000
47388,2014-09,QUEENSTOWN,3 ROOM,60,1970,315000
64589,2015-08,QUEENSTOWN,4 ROOM,90,2008,705000
64565,2015-08,QUEENSTOWN,3 ROOM,65,1976,380000
20948,2013-01,QUEENSTOWN,3 ROOM,56,1983,340100
72033,2016-01,QUEENSTOWN,3 ROOM,67,1979,355000
22186,2013-02,QUEENSTOWN,3 ROOM,65,1976,408888
73256,2016-02,QUEENSTOWN,3 ROOM,65,1978,363888
87073,2016-10,QUEENSTOWN,4 ROOM,90,2006,635000
5992,2012-05,QUEENSTOWN,5 ROOM,110,2000,845000
56720,2015-03,QUEENSTOWN,3 ROOM,69,2012,410000
95941,2017-04,QUEENSTOWN,4 ROOM,84,1974,490000
3686,2012-04,QUEENSTOWN,2 ROOM,46,1971,268000
5969,2012-05,QUEENSTOWN,3 ROOM,65,1975,453000
1469,2012-03,QUEENSTOWN,3 ROOM,65,1971,335000
3697,2012-04,QUEENSTOWN,3 ROOM,65,1978,369000
5961,2012-05,QUEENSTOWN,3 ROOM,65,1976,400000
27941,2013-06,QUEENSTOWN,3 ROOM,65,1975,450000
94063,2017-03,QUEENSTOWN,3 ROOM,84,1968,888888.88
99664,2017-06,QUEENSTOWN,3 ROOM,65,1976,328000
61535,2015-06,QUEENSTOWN,5 ROOM,117,1978,845000
99661,2017-06,QUEENSTOWN,3 ROOM,65,1978,333000
36808,2014-01,QUEENSTOWN,5 ROOM,117,1978,900000
51733,2014-12,QUEENSTOWN,4 ROOM,92,2003,623000
43390,2014-06,QUEENSTOWN,3 ROOM,73,1975,436000
69294,2015-11,QUEENSTOWN,3 ROOM,72,1970,400000
94079,2017-03,QUEENSTOWN,4 ROOM,95,2002,655000
58238,2015-04,QUEENSTOWN,4 ROOM,88,1976,545000
19403,2012-12,QUEENSTOWN,4 ROOM,84,1974,495000
87056,2016-10,QUEENSTOWN,3 ROOM,65,1975,310000
26568,2013-05,QUEENSTOWN,3 ROOM,65,1974,490000
16035,2012-10,QUEENSTOWN,2 ROOM,46,1971,280000
5970,2012-05,QUEENSTOWN,3 ROOM,73,1974,495000
44666,2014-07,QUEENSTOWN,3 ROOM,65,1974,450000
47397,2014-09,QUEENSTOWN,3 ROOM,69,1969,363888
91384,2017-01,QUEENSTOWN,3 ROOM,65,1976,363000
69283,2015-11,QUEENSTOWN,3 ROOM,60,1967,345000
63082,2015-07,QUEENSTOWN,4 ROOM,106,1997,720000
44676,2014-07,QUEENSTOWN,4 ROOM,85,2006,725000
56708,2015-03,QUEENSTOWN,3 ROOM,69,1967,320000
19405,2012-12,QUEENSTOWN,4 ROOM,90,2006,739999
14171,2012-09,QUEENSTOWN,3 ROOM,65,1975,474500
85387,2016-09,QUEENSTOWN,4 ROOM,89,1973,480000
44671,2014-07,QUEENSTOWN,4 ROOM,107,1996,615000
30797,2013-08,QUEENSTOWN,5 ROOM,110,2008,930000
55429,2015-02,QUEENSTOWN,3 ROOM,63,1970,328000
88679,2016-11,QUEENSTOWN,4 ROOM,85,2006,715000
48935,2014-10,QUEENSTOWN,3 ROOM,65,1975,430000
3691,2012-04,QUEENSTOWN,3 ROOM,59,1970,325000
24868,2013-04,QUEENSTOWN,4 ROOM,92,2003,700000
20982,2013-01,QUEENSTOWN,5 ROOM,110,2008,915000
51736,2014-12,QUEENSTOWN,4 ROOM,92,2003,600000
70772,2015-12,SEMBAWANG,EXECUTIVE,131,2001,528000
63121,2015-07,SEMBAWANG,5 ROOM,110,2001,415000
50398,2014-11,SEMBAWANG,4 ROOM,91,2001,380000
78408,2016-05,SEMBAWANG,4 ROOM,90,2001,355000
80202,2016-06,SEMBAWANG,4 ROOM,102,2001,362000
43427,2014-06,SEMBAWANG,EXECUTIVE,125,2002,515000
35785,2013-12,SEMBAWANG,EXECUTIVE,143,1998,618000
24899,2013-04,SEMBAWANG,5 ROOM,111,2001,475000
1534,2012-03,SEMBAWANG,4 ROOM,94,2001,460000
23387,2013-03,SEMBAWANG,EXECUTIVE,125,2002,590000
51745,2014-12,SEMBAWANG,4 ROOM,94,2010,390000
6037,2012-05,SEMBAWANG,5 ROOM,111,2001,485000
14217,2012-09,SEMBAWANG,5 ROOM,110,2001,498000
51760,2014-12,SEMBAWANG,5 ROOM,110,2001,425000
97866,2017-05,SEMBAWANG,4 ROOM,90,2001,312000
69341,2015-11,SEMBAWANG,4 ROOM,86,2001,320000
14203,2012-09,SEMBAWANG,5 ROOM,111,2004,460000
40632,2014-04,SEMBAWANG,4 ROOM,90,2004,410000
17898,2012-11,SEMBAWANG,5 ROOM,115,1999,463000
48982,2014-10,SEMBAWANG,4 ROOM,95,2001,410000
66073,2015-09,SEMBAWANG,4 ROOM,90,2004,340000
97848,2017-05,SEMBAWANG,4 ROOM,102,2001,330000
12363,2012-08,SEMBAWANG,5 ROOM,110,2001,468000
55495,2015-02,SEMBAWANG,5 ROOM,118,2001,420000
47429,2014-09,SEMBAWANG,4 ROOM,90,2004,380000
33388,2013-10,SEMBAWANG,4 ROOM,93,2002,431000
94098,2017-03,SEMBAWANG,4 ROOM,94,2010,365000
47450,2014-09,SEMBAWANG,5 ROOM,110,2004,451000
95963,2017-04,SEMBAWANG,4 ROOM,90,2004,327000
47435,2014-09,SEMBAWANG,4 ROOM,96,2010,405000
3742,2012-04,SEMBAWANG,4 ROOM,86,2003,400000
69351,2015-11,SEMBAWANG,5 ROOM,110,2001,400000
67803,2015-10,SEMBAWANG,EXECUTIVE,130,2001,533000
23378,2013-03,SEMBAWANG,4 ROOM,92,2001,480000
72062,2016-01,SEMBAWANG,4 ROOM,95,2001,416000
87102,2016-10,SEMBAWANG,5 ROOM,110,2001,370000
20995,2013-01,SEMBAWANG,5 ROOM,110,2000,455000
69337,2015-11,SEMBAWANG,4 ROOM,91,2001,360000
3749,2012-04,SEMBAWANG,4 ROOM,90,2004,445500
39123,2014-03,SEMBAWANG,5 ROOM,113,2001,525000
36822,2014-01,SEMBAWANG,4 ROOM,93,2001,440000
17897,2012-11,SEMBAWANG,4 ROOM,101,1999,460000
6020,2012-05,SEMBAWANG,5 ROOM,110,2004,445000
24888,2013-04,SEMBAWANG,4 ROOM,90,2001,430000
16106,2012-10,SEMBAWANG,4 ROOM,96,2001,460000
21010,2013-01,SEMBAWANG,5 ROOM,123,1999,498000
36825,2014-01,SEMBAWANG,4 ROOM,102,1999,455000
6012,2012-05,SEMBAWANG,4 ROOM,95,2001,429500
34686,2013-11,SEMBAWANG,5 ROOM,110,2001,470000
88692,2016-11,SEMBAWANG,4 ROOM,96,2010,380000
88717,2016-11,SEMBAWANG,5 ROOM,110,2004,395000
63135,2015-07,SEMBAWANG,EXECUTIVE,131,2001,535000
80207,2016-06,SEMBAWANG,4 ROOM,87,2000,318000
78446,2016-05,SEMBAWANG,EXECUTIVE,131,2001,455000
88691,2016-11,SEMBAWANG,4 ROOM,94,2010,345000
85543,2016-09,SENGKANG,5 ROOM,114,2004,460000
27999,2013-06,SENGKANG,4 ROOM,90,2002,454000
32125,2013-09,SENGKANG,5 ROOM,110,2001,580000
88776,2016-11,SENGKANG,4 ROOM,88,2000,378000
47544,2014-09,SENGKANG,4 ROOM,90,2009,540000
99822,2017-06,SENGKANG,5 ROOM,111,2002,365000
49022,2014-10,SENGKANG,4 ROOM,94,2001,405000
37863,2014-02,SENGKANG,5 ROOM,110,2001,490000
36838,2014-01,SENGKANG,3 ROOM,83,2007,395000
14311,2012-09,SENGKANG,5 ROOM,110,2003,570000
10299,2012-07,SENGKANG,4 ROOM,90,2002,438000
32141,2013-09,SENGKANG,EXECUTIVE,135,1999,615000
16192,2012-10,SENGKANG,5 ROOM,116,2000,510000
64666,2015-08,SENGKANG,4 ROOM,95,2004,368000
12447,2012-08,SENGKANG,5 ROOM,121,1999,518000
28058,2013-06,SENGKANG,EXECUTIVE,130,2001,598000
22245,2013-02,SENGKANG,5 ROOM,110,2000,555000
85492,2016-09,SENGKANG,4 ROOM,93,2012,435000
81932,2016-07,SENGKANG,4 ROOM,90,2001,395000
30886,2013-08,SENGKANG,EXECUTIVE,134,2001,599000
36846,2014-01,SENGKANG,4 ROOM,85,2001,445000
74863,2016-03,SENGKANG,4 ROOM,95,2013,438000
85535,2016-09,SENGKANG,5 ROOM,110,2006,520000
14320,2012-09,SENGKANG,EXECUTIVE,134,2001,602000
76624,2016-04,SENGKANG,4 ROOM,95,2012,468888
92521,2017-02,SENGKANG,4 ROOM,96,2012,445000
83773,2016-08,SENGKANG,4 ROOM,93,2013,430000
92516,2017-02,SENGKANG,4 ROOM,90,2009,542888
36861,2014-01,SENGKANG,5 ROOM,121,1999,480000
19547,2012-12,SENGKANG,EXECUTIVE,134,2001,650000
1619,2012-03,SENGKANG,5 ROOM,111,2002,510000
21064,2013-01,SENGKANG,4 ROOM,95,2000,475000
3859,2012-04,SENGKANG,5 ROOM,110,2002,515000
94218,2017-03,SENGKANG,4 ROOM,90,2005,375000
82010,2016-07,SENGKANG,5 ROOM,113,2001,453888
85528,2016-09,SENGKANG,5 ROOM,110,2002,370000
29480,2013-07,SENGKANG,4 ROOM,90,2009,545000
30846,2013-08,SENGKANG,4 ROOM,95,2000,464000
85545,2016-09,SENGKANG,5 ROOM,112,2003,408000
26628,2013-05,SENGKANG,4 ROOM,86,2001,440000
16223,2012-10,SENGKANG,5 ROOM,110,2001,556000
83803,2016-08,SENGKANG,4 ROOM,95,2004,418000
21134,2013-01,SENGKANG,EXECUTIVE,131,2000,608000
10403,2012-07,SENGKANG,EXECUTIVE,134,2001,588888
21088,2013-01,SENGKANG,5 ROOM,116,1999,505000
49090,2014-10,SENGKANG,EXECUTIVE,127,2002,550000
43493,2014-06,SENGKANG,5 ROOM,110,2000,549000
16188,2012-10,SENGKANG,5 ROOM,110,2001,505000
8260,2012-06,SENGKANG,5 ROOM,122,1999,578000
3843,2012-04,SENGKANG,5 ROOM,110,2001,495000
10368,2012-07,SENGKANG,5 ROOM,110,2001,527000
1585,2012-03,SENGKANG,4 ROOM,101,1999,453000
91441,2017-01,SENGKANG,4 ROOM,93,2013,390000
32090,2013-09,SENGKANG,4 ROOM,101,1999,440000
30893,2013-08,SENGKANG,EXECUTIVE,140,1999,633000
27998,2013-06,SENGKANG,4 ROOM,90,2001,453000
1591,2012-03,SENGKANG,4 ROOM,101,1999,461000
21135,2013-01,SENGKANG,4 ROOM,90,2009,610000
73334,2016-02,SENGKANG,4 ROOM,90,2003,355000
21076,2013-01,SENGKANG,5 ROOM,110,2000,491000
74911,2016-03,SENGKANG,5 ROOM,110,2001,462000
81964,2016-07,SENGKANG,4 ROOM,102,1999,401000
39185,2014-03,SENGKANG,4 ROOM,93,2010,560000
88812,2016-11,SENGKANG,5 ROOM,115,2004,450000
47552,2014-09,SENGKANG,EXECUTIVE,125,2003,592500
56789,2015-03,SENGKANG,4 ROOM,90,2001,388000
16160,2012-10,SENGKANG,4 ROOM,90,2000,458000
8252,2012-06,SENGKANG,5 ROOM,115,2004,554000
83804,2016-08,SENGKANG,4 ROOM,85,2003,330000
59929,2015-05,SENGKANG,4 ROOM,95,2004,428888
46084,2014-08,SENGKANG,5 ROOM,110,2001,475000
39182,2014-03,SENGKANG,4 ROOM,93,2010,550000
83766,2016-08,SENGKANG,4 ROOM,93,2013,428888
69414,2015-11,SENGKANG,4 ROOM,94,2012,480000
73366,2016-02,SENGKANG,5 ROOM,110,2000,526888
99837,2017-06,SENGKANG,5 ROOM,115,2000,420000
12507,2012-08,SENGKANG,EXECUTIVE,135,1999,630000
51799,2014-12,SENGKANG,4 ROOM,95,2004,380000
46058,2014-08,SENGKANG,4 ROOM,91,2001,412000
69467,2015-11,SENGKANG,5 ROOM,110,2003,428888
88818,2016-11,SENGKANG,5 ROOM,122,1999,435000
80259,2016-06,SENGKANG,4 ROOM,97,2013,438000
29429,2013-07,SENGKANG,4 ROOM,84,2001,420000
92502,2017-02,SENGKANG,4 ROOM,95,2002,390000
59931,2015-05,SENGKANG,5 ROOM,110,2002,430000
25035,2013-04,SENGKANG,4 ROOM,90,2009,635000
97941,2017-05,SENGKANG,4 ROOM,90,2006,408000
23411,2013-03,SENGKANG,4 ROOM,100,1999,490000
87125,2016-10,SENGKANG,3 ROOM,69,2011,375000
55526,2015-02,SENGKANG,4 ROOM,101,1999,396000
17994,2012-11,SENGKANG,5 ROOM,110,2001,550000
22252,2013-02,SENGKANG,4 ROOM,90,2009,580000
28035,2013-06,SENGKANG,5 ROOM,110,2003,539000
40718,2014-04,SENGKANG,5 ROOM,110,2002,545000
12410,2012-08,SENGKANG,5 ROOM,114,2001,472000
64695,2015-08,SENGKANG,5 ROOM,110,2001,498000
61658,2015-06,SENGKANG,5 ROOM,110,2001,520000
94162,2017-03,SENGKANG,4 ROOM,92,2005,358000
1611,2012-03,SENGKANG,5 ROOM,122,1999,498000
61659,2015-06,SENGKANG,5 ROOM,110,2001,445000
55543,2015-02,SENGKANG,4 ROOM,87,2002,432500
97988,2017-05,SENGKANG,4 ROOM,94,2011,418888
32135,2013-09,SENGKANG,4 ROOM,90,2009,599000
76608,2016-04,SENGKANG,4 ROOM,96,2000,440000
74859,2016-03,SENGKANG,4 ROOM,90,2002,360000
99832,2017-06,SENGKANG,5 ROOM,110,2001,460000
90215,2016-12,SENGKANG,4 ROOM,94,2004,375000
78554,2016-05,SENGKANG,5 ROOM,110,2003,415000
54017,2015-01,SENGKANG,4 ROOM,94,2011,468000
35788,2013-12,SENGKANG,4 ROOM,90,2001,410000
81975,2016-07,SENGKANG,4 ROOM,95,2012,425000
17954,2012-11,SENGKANG,4 ROOM,90,2001,479500
63155,2015-07,SENGKANG,4 ROOM,92,2011,458000
72157,2016-01,SENGKANG,5 ROOM,115,1999,500000
67862,2015-10,SENGKANG,4 ROOM,91,2005,388000
30858,2013-08,SENGKANG,5 ROOM,111,2003,513000
6173,2012-05,SENGKANG,EXECUTIVE,126,2003,610000
37873,2014-02,SENGKANG,4 ROOM,92,2008,535000
56844,2015-03,SENGKANG,5 ROOM,114,2004,538888
76663,2016-04,SENGKANG,5 ROOM,110,2003,430000
23414,2013-03,SENGKANG,5 ROOM,110,2005,505000
6119,2012-05,SENGKANG,5 ROOM,112,2003,503000
47469,2014-09,SENGKANG,4 ROOM,92,2003,380000
26698,2013-05,SENGKANG,4 ROOM,90,2009,610000
32085,2013-09,SENGKANG,4 ROOM,90,1999,413000
92526,2017-02,SENGKANG,4 ROOM,95,2004,394000
19551,2012-12,SENGKANG,EXECUTIVE,134,2001,622000
16258,2012-10,SENGKANG,EXECUTIVE,130,2001,638000
91521,2017-01,SERANGOON,4 ROOM,91,1985,390000
40749,2014-04,SERANGOON,3 ROOM,60,1985,330000
96158,2017-04,SERANGOON,5 ROOM,121,1986,735000
3929,2012-04,SERANGOON,4 ROOM,94,1984,488000
16268,2012-10,SERANGOON,3 ROOM,60,1985,335000
50519,2014-11,SERANGOON,3 ROOM,73,1983,400000
37901,2014-02,SERANGOON,5 ROOM,120,1997,540000
16288,2012-10,SERANGOON,4 ROOM,84,1987,510000
40773,2014-04,SERANGOON,5 ROOM,120,1997,560000
37886,2014-02,SERANGOON,3 ROOM,60,1985,323000
14340,2012-09,SERANGOON,3 ROOM,71,1985,380000
78604,2016-05,SERANGOON,4 ROOM,83,1987,330000
10424,2012-07,SERANGOON,3 ROOM,64,1978,330000
99908,2017-06,SERANGOON,5 ROOM,140,1985,518000
51882,2014-12,SERANGOON,5 ROOM,122,1992,480000
91513,2017-01,SERANGOON,3 ROOM,67,1984,319000
56876,2015-03,SERANGOON,4 ROOM,92,1985,388000
56883,2015-03,SERANGOON,5 ROOM,121,1986,455000
67952,2015-10,SERANGOON,EXECUTIVE,149,1992,688000
92585,2017-02,SERANGOON,3 ROOM,60,1985,253000
30911,2013-08,SERANGOON,4 ROOM,84,1985,500000
22278,2013-02,SERANGOON,4 ROOM,105,1985,560000
47577,2014-09,SERANGOON,4 ROOM,84,1985,500000
56878,2015-03,SERANGOON,3 ROOM,64,1985,390000
46156,2014-08,SERANGOON,EXECUTIVE,154,1989,842300
6192,2012-05,SERANGOON,3 ROOM,60,1984,323000
85574,2016-09,SERANGOON,3 ROOM,67,1985,317000
58423,2015-04,SERANGOON,4 ROOM,84,1986,463000
73389,2016-02,SERANGOON,3 ROOM,67,1985,335000
83925,2016-08,SERANGOON,5 ROOM,122,1992,430000
74963,2016-03,SERANGOON,3 ROOM,67,1985,312000
56863,2015-03,SERANGOON,3 ROOM,67,1985,307000
46136,2014-08,SERANGOON,3 ROOM,64,1985,399000
64744,2015-08,SERANGOON,EXECUTIVE,150,1985,685000
25060,2013-04,SERANGOON,4 ROOM,93,1985,415000
18053,2012-11,SERANGOON,5 ROOM,122,1992,537000
42202,2014-05,SERANGOON,3 ROOM,64,1986,425000
14444,2012-09,TAMPINES,4 ROOM,105,1985,465000
70949,2015-12,TAMPINES,4 ROOM,104,1988,425000
70967,2015-12,TAMPINES,5 ROOM,109,2008,708000
26840,2013-05,TAMPINES,5 ROOM,133,1995,622900
50615,2014-11,TAMPINES,4 ROOM,108,1985,500000
72278,2016-01,TAMPINES,5 ROOM,122,1989,510000
94381,2017-03,TAMPINES,4 ROOM,103,1984,387000
92670,2017-02,TAMPINES,EXECUTIVE,146,1988,710000
31004,2013-08,TAMPINES,5 ROOM,122,1988,532000
83975,2016-08,TAMPINES,4 ROOM,105,1984,450000
8315,2012-06,TAMPINES,3 ROOM,74,1988,356000
58525,2015-04,TAMPINES,5 ROOM,128,1995,493000
40782,2014-04,TAMPINES,3 ROOM,67,1984,330000
22322,2013-02,TAMPINES,4 ROOM,104,1988,535000
92656,2017-02,TAMPINES,5 ROOM,127,1995,518000
75024,2016-03,TAMPINES,3 ROOM,64,1987,285000
55675,2015-02,TAMPINES,5 ROOM,119,1997,518000
19591,2012-12,TAMPINES,3 ROOM,76,1984,370000
16382,2012-10,TAMPINES,4 ROOM,106,1984,497000
12550,2012-08,TAMPINES,3 ROOM,64,1985,330000
34804,2013-11,TAMPINES,4 ROOM,84,1986,400000
44869,2014-07,TAMPINES,4 ROOM,104,1988,445000
60095,2015-05,TAMPINES,4 ROOM,104,1984,453000
8392,2012-06,TAMPINES,4 ROOM,103,1984,478000
50636,2014-11,TAMPINES,5 ROOM,122,1988,578000
60048,2015-05,TAMPINES,3 ROOM,74,1988,348000
78675,2016-05,TAMPINES,4 ROOM,105,1985,420000
18114,2012-11,TAMPINES,4 ROOM,104,1985,465000
32226,2013-09,TAMPINES,4 ROOM,104,1988,510000
49251,2014-10,TAMPINES,5 ROOM,122,1988,580000
47703,2014-09,TAMPINES,5 ROOM,109,2008,680000
23515,2013-03,TAMPINES,3 ROOM,75,1983,380000
96270,2017-04,TAMPINES,5 ROOM,121,1985,540000
35899,2013-12,TAMPINES,5 ROOM,133,1984,586800
25100,2013-04,TAMPINES,3 ROOM,73,1984,378888
23540,2013-03,TAMPINES,4 ROOM,104,1985,480000
98178,2017-05,TAMPINES,5 ROOM,128,1988,575000
10492,2012-07,TAMPINES,3 ROOM,73,1984,373500
64779,2015-08,TAMPINES,3 ROOM,74,1987,315000
75083,2016-03,TAMPINES,4 ROOM,106,1984,446000
23571,2013-03,TAMPINES,5 ROOM,122,1987,560000
76847,2016-04,TAMPINES,4 ROOM,108,1986,415000
69611,2015-11,TAMPINES,EXECUTIVE,146,1996,650000
16372,2012-10,TAMPINES,4 ROOM,104,1984,480000
46215,2014-08,TAMPINES,4 ROOM,91,1984,473000
22305,2013-02,TAMPINES,4 ROOM,84,1988,430000
49201,2014-10,TAMPINES,4 ROOM,107,1996,445000
33583,2013-10,TAMPINES,4 ROOM,104,1993,540000
25146,2013-04,TAMPINES,4 ROOM,103,1997,490000
23541,2013-03,TAMPINES,4 ROOM,104,1989,481500
43560,2014-06,TAMPINES,4 ROOM,104,1988,415000
10595,2012-07,TAMPINES,5 ROOM,129,1995,580000
21206,2013-01,TAMPINES,3 ROOM,73,1984,378000
70931,2015-12,TAMPINES,4 ROOM,105,1993,415000
63334,2015-07,TAMPINES,4 ROOM,102,1984,410000
44867,2014-07,TAMPINES,4 ROOM,89,1986,442000
49176,2014-10,TAMPINES,4 ROOM,104,1989,410000
44923,2014-07,TAMPINES,EXECUTIVE,146,1988,696000
69529,2015-11,TAMPINES,3 ROOM,67,1985,320000
63360,2015-07,TAMPINES,5 ROOM,121,1984,605000
23586,2013-03,TAMPINES,EXECUTIVE,148,1995,670000
22330,2013-02,TAMPINES,5 ROOM,122,1988,568888
61757,2015-06,TAMPINES,3 ROOM,74,1984,320000
96205,2017-04,TAMPINES,4 ROOM,94,2011,615000
46168,2014-08,TAMPINES,3 ROOM,69,1985,350000
51984,2014-12,TAMPINES,EXECUTIVE,150,1993,677500
61795,2015-06,TAMPINES,4 ROOM,107,1996,400000
43533,2014-06,TAMPINES,3 ROOM,79,1982,325000
19609,2012-12,TAMPINES,3 ROOM,74,1985,360000
82137,2016-07,TAMPINES,4 ROOM,104,1993,416000
90335,2016-12,TAMPINES,4 ROOM,104,1988,438000
60105,2015-05,TAMPINES,5 ROOM,124,1993,473000
61772,2015-06,TAMPINES,4 ROOM,104,1988,460000
69584,2015-11,TAMPINES,5 ROOM,121,1985,528000
19644,2012-12,TAMPINES,4 ROOM,108,1986,448000
28122,2013-06,TAMPINES,3 ROOM,74,1986,386000
16375,2012-10,TAMPINES,4 ROOM,104,1997,480000
25131,2013-04,TAMPINES,4 ROOM,108,1995,461000
68000,2015-10,TAMPINES,4 ROOM,103,1989,495000
50638,2014-11,TAMPINES,5 ROOM,132,1995,625000
12590,2012-08,TAMPINES,4 ROOM,93,1986,439000
3984,2012-04,TAMPINES,4 ROOM,84,1988,420000
49215,2014-10,TAMPINES,4 ROOM,104,1984,475000
1745,2012-03,TAMPINES,3 ROOM,74,1985,368000
30979,2013-08,TAMPINES,4 ROOM,106,1984,485000
61791,2015-06,TAMPINES,4 ROOM,105,1985,422000
51960,2014-12,TAMPINES,5 ROOM,128,1988,630000
94393,2017-03,TAMPINES,4 ROOM,108,1987,443000
55659,2015-02,TAMPINES,5 ROOM,123,1994,468000
98195,2017-05,TAMPINES,5 ROOM,123,1996,520000
67959,2015-10,TAMPINES,3 ROOM,78,1984,352000
43556,2014-06,TAMPINES,4 ROOM,103,1984,400000
66251,2015-09,TAMPINES,3 ROOM,69,1985,325000
87333,2016-10,TAMPINES,4 ROOM,99,1997,422000
40805,2014-04,TAMPINES,3 ROOM,78,1985,370000
80517,2016-06,TAMPINES,5 ROOM,121,1988,468000
67979,2015-10,TAMPINES,3 ROOM,73,1984,315000
69590,2015-11,TAMPINES,5 ROOM,122,1993,510000
88907,2016-11,TAMPINES,4 ROOM,105,1984,470000
92624,2017-02,TAMPINES,4 ROOM,103,1984,440000
26799,2013-05,TAMPINES,4 ROOM,102,1997,494000
42254,2014-05,TAMPINES,4 ROOM,104,1985,425000
90344,2016-12,TAMPINES,4 ROOM,108,1982,435000
58549,2015-04,TAMPINES,5 ROOM,109,2008,628000
54259,2015-01,TAMPINES,4 ROOM,107,1984,468000
1803,2012-03,TAMPINES,4 ROOM,104,1984,460000
14436,2012-09,TAMPINES,4 ROOM,104,1989,456000
90378,2016-12,TAMPINES,5 ROOM,126,1993,490000
33546,2013-10,TAMPINES,4 ROOM,104,1988,448000
82180,2016-07,TAMPINES,EXECUTIVE,142,1993,628000
98189,2017-05,TAMPINES,5 ROOM,133,1982,568000
25130,2013-04,TAMPINES,4 ROOM,105,1993,460500
18124,2012-11,TAMPINES,4 ROOM,104,1988,479888
28160,2013-06,TAMPINES,5 ROOM,132,1993,510000
66319,2015-09,TAMPINES,5 ROOM,132,1985,485000
49171,2014-10,TAMPINES,4 ROOM,104,1989,405000
25093,2013-04,TAMPINES,3 ROOM,74,1984,370000
63328,2015-07,TAMPINES,4 ROOM,104,1988,400000
80544,2016-06,TAMPINES,5 ROOM,124,1997,525000
67990,2015-10,TAMPINES,4 ROOM,84,1988,381500
30935,2013-08,TAMPINES,3 ROOM,74,1985,375000
19658,2012-12,TAMPINES,4 ROOM,84,1986,421000
36967,2014-01,TAMPINES,4 ROOM,84,1988,443000
96176,2017-04,TAMPINES,3 ROOM,73,1984,318000
39295,2014-03,TAMPINES,4 ROOM,84,1988,445000
35881,2013-12,TAMPINES,4 ROOM,105,1985,468000
23563,2013-03,TAMPINES,5 ROOM,124,1993,538500
16399,2012-10,TAMPINES,4 ROOM,104,1989,532000
60100,2015-05,TAMPINES,5 ROOM,132,1985,465000
96177,2017-04,TAMPINES,3 ROOM,75,1983,310000
43573,2014-06,TAMPINES,4 ROOM,104,1989,455000
34805,2013-11,TAMPINES,4 ROOM,84,1986,425000
36955,2014-01,TAMPINES,4 ROOM,84,1988,395000
92666,2017-02,TAMPINES,5 ROOM,123,1993,501000
12672,2012-08,TAMPINES,5 ROOM,133,1984,578000
55663,2015-02,TAMPINES,4 ROOM,98,1989,480000
26773,2013-05,TAMPINES,3 ROOM,74,1986,395000
91579,2017-01,TAMPINES,4 ROOM,84,1984,398000
76785,2016-04,TAMPINES,3 ROOM,74,1985,348000
85694,2016-09,TAMPINES,5 ROOM,122,1988,580000
70976,2015-12,TAMPINES,5 ROOM,119,1997,500000
16328,2012-10,TAMPINES,3 ROOM,82,1984,410000
82134,2016-07,TAMPINES,4 ROOM,105,1996,398888
64781,2015-08,TAMPINES,4 ROOM,104,1989,428000
94518,2017-03,TOA PAYOH,5 ROOM,125,1989,608000
12730,2012-08,TOA PAYOH,4 ROOM,104,1984,490000
10620,2012-07,TOA PAYOH,3 ROOM,57,1968,295000
19720,2012-12,TOA PAYOH,3 ROOM,67,1969,370000
43642,2014-06,TOA PAYOH,3 ROOM,67,1971,318000
18204,2012-11,TOA PAYOH,3 ROOM,67,1970,327000
78770,2016-05,TOA PAYOH,4 ROOM,91,2006,560000
28216,2013-06,TOA PAYOH,3 ROOM,67,1972,412000
16483,2012-10,TOA PAYOH,5 ROOM,116,2001,805000
12717,2012-08,TOA PAYOH,3 ROOM,65,1972,390000
71003,2015-12,TOA PAYOH,2 ROOM,43,1967,242000
37038,2014-01,TOA PAYOH,4 ROOM,104,1989,510000
55708,2015-02,TOA PAYOH,3 ROOM,67,1970,360000
71009,2015-12,TOA PAYOH,3 ROOM,67,1970,310000
4160,2012-04,TOA PAYOH,EXECUTIVE,147,1993,840000
85766,2016-09,TOA PAYOH,4 ROOM,76,2009,690000
47741,2014-09,TOA PAYOH,4 ROOM,104,1989,525000
21344,2013-01,TOA PAYOH,5 ROOM,120,1998,688000
21300,2013-01,TOA PAYOH,3 ROOM,57,1968,308000
1898,2012-03,TOA PAYOH,3 ROOM,61,1973,315000
73515,2016-02,TOA PAYOH,4 ROOM,104,1988,465000
96316,2017-04,TOA PAYOH,3 ROOM,66,1970,270000
1957,2012-03,TOA PAYOH,5 ROOM,140,1984,721500
78774,2016-05,TOA PAYOH,4 ROOM,91,2009,585000
96334,2017-04,TOA PAYOH,4 ROOM,87,1973,302000
26871,2013-05,TOA PAYOH,3 ROOM,65,1968,376500
26872,2013-05,TOA PAYOH,3 ROOM,65,1972,379000
6401,2012-05,TOA PAYOH,3 ROOM,63,1983,330800
6446,2012-05,TOA PAYOH,4 ROOM,104,1998,552000
28199,2013-06,TOA PAYOH,3 ROOM,67,1969,346000
100034,2017-06,TOA PAYOH,2 ROOM,40,1968,215000
92705,2017-02,TOA PAYOH,4 ROOM,103,1997,667800
25204,2013-04,TOA PAYOH,2 ROOM,50,1983,290000
21353,2013-01,TOA PAYOH,5 ROOM,110,2002,830000
94515,2017-03,TOA PAYOH,4 ROOM,81,1973,420000
98257,2017-05,TOA PAYOH,3 ROOM,76,1982,355000
96317,2017-04,TOA PAYOH,3 ROOM,74,1984,410000
73524,2016-02,TOA PAYOH,4 ROOM,82,1976,403000
75132,2016-03,TOA PAYOH,3 ROOM,65,1972,306000
94485,2017-03,TOA PAYOH,3 ROOM,65,1973,323000
61865,2015-06,TOA PAYOH,3 ROOM,65,1976,293000
26892,2013-05,TOA PAYOH,4 ROOM,102,1997,640000
63392,2015-07,TOA PAYOH,3 ROOM,65,1972,320000
50688,2014-11,TOA PAYOH,5 ROOM,134,1993,735000
25245,2013-04,TOA PAYOH,4 ROOM,102,1997,625000
52002,2014-12,TOA PAYOH,3 ROOM,66,1981,305000
63418,2015-07,TOA PAYOH,4 ROOM,93,1984,380000
10632,2012-07,TOA PAYOH,3 ROOM,68,1969,346000
64881,2015-08,TOA PAYOH,3 ROOM,65,1982,320000
4123,2012-04,TOA PAYOH,3 ROOM,67,1970,378000
60160,2015-05,TOA PAYOH,3 ROOM,65,1967,320000
46274,2014-08,TOA PAYOH,3 ROOM,67,1970,360000
61856,2015-06,TOA PAYOH,3 ROOM,67,1970,305000
1965,2012-03,TOA PAYOH,EXECUTIVE,142,1993,910000
26870,2013-05,TOA PAYOH,3 ROOM,65,1973,373000
75143,2016-03,TOA PAYOH,3 ROOM,65,1976,280000
85765,2016-09,TOA PAYOH,4 ROOM,92,2009,715000
39396,2014-03,TOA PAYOH,3 ROOM,74,1984,418000
8466,2012-06,TOA PAYOH,3 ROOM,67,1971,332000
75136,2016-03,TOA PAYOH,3 ROOM,68,1968,306000
35918,2013-12,TOA PAYOH,3 ROOM,64,1969,336000
49303,2014-10,TOA PAYOH,3 ROOM,78,1972,385000
1953,2012-03,TOA PAYOH,5 ROOM,110,2006,680000
32272,2013-09,TOA PAYOH,3 ROOM,66,1973,298000
32293,2013-09,TOA PAYOH,3 ROOM,74,1984,433000
49318,2014-10,TOA PAYOH,4 ROOM,106,1998,632888
73516,2016-02,TOA PAYOH,4 ROOM,101,1999,705000
60176,2015-05,TOA PAYOH,4 ROOM,87,1973,463000
42344,2014-05,TOA PAYOH,2 ROOM,50,1983,268000
100039,2017-06,TOA PAYOH,3 ROOM,78,1970,338000
16442,2012-10,TOA PAYOH,3 ROOM,68,1969,351000
58576,2015-04,TOA PAYOH,3 ROOM,65,1982,301000
91636,2017-01,TOA PAYOH,4 ROOM,91,2009,748000
8472,2012-06,TOA PAYOH,3 ROOM,67,1970,353000
100216,2017-06,WOODLANDS,EXECUTIVE,145,1996,638888
58715,2015-04,WOODLANDS,5 ROOM,122,1998,480000
84195,2016-08,WOODLANDS,5 ROOM,122,1996,455000
34983,2013-11,WOODLANDS,5 ROOM,121,1999,475000
75201,2016-03,WOODLANDS,4 ROOM,100,1996,385000
66414,2015-09,WOODLANDS,4 ROOM,88,1989,346000
18396,2012-11,WOODLANDS,EXECUTIVE,140,1999,588000
55761,2015-02,WOODLANDS,5 ROOM,111,2004,399000
18274,2012-11,WOODLANDS,4 ROOM,92,1985,373000
6681,2012-05,WOODLANDS,EXECUTIVE,146,1986,560000
18264,2012-11,WOODLANDS,3 ROOM,67,1986,332000
6653,2012-05,WOODLANDS,5 ROOM,113,2002,483000
68177,2015-10,WOODLANDS,4 ROOM,107,1999,408000
60291,2015-05,WOODLANDS,EXECUTIVE,142,1999,600000
72364,2016-01,WOODLANDS,4 ROOM,90,1998,343000
12938,2012-08,WOODLANDS,EXECUTIVE,161,1994,670000
44979,2014-07,WOODLANDS,3 ROOM,65,1974,283000
21361,2013-01,WOODLANDS,3 ROOM,65,1976,303000
54546,2015-01,WOODLANDS,5 ROOM,125,1996,503000
36027,2013-12,WOODLANDS,EXECUTIVE,177,1995,720000
45015,2014-07,WOODLANDS,4 ROOM,100,1996,383000
38090,2014-02,WOODLANDS,EXECUTIVE,163,1995,678000
33694,2013-10,WOODLANDS,4 ROOM,91,1987,370000
89067,2016-11,WOODLANDS,4 ROOM,103,1993,360000
12939,2012-08,WOODLANDS,EXECUTIVE,177,1995,695000
36026,2013-12,WOODLANDS,EXECUTIVE,174,1995,690000
38042,2014-02,WOODLANDS,4 ROOM,86,2000,393000
78883,2016-05,WOODLANDS,5 ROOM,119,1996,445000
63453,2015-07,WOODLANDS,4 ROOM,102,1998,385000
32370,2013-09,WOODLANDS,5 ROOM,111,2001,450000
40951,2014-04,WOODLANDS,3 ROOM,73,1980,315000
69673,2015-11,WOODLANDS,3 ROOM,60,1985,265000
78910,2016-05,WOODLANDS,EXECUTIVE,141,1999,580000
61958,2015-06,WOODLANDS,4 ROOM,89,1994,364000
87446,2016-10,WOODLANDS,3 ROOM,67,1985,308000
66401,2015-09,WOODLANDS,3 ROOM,65,1976,250000
87467,2016-10,WOODLANDS,4 ROOM,100,1997,362000
34909,2013-11,WOODLANDS,3 ROOM,65,1974,298000
65011,2015-08,WOODLANDS,EXECUTIVE,176,1994,630000
91684,2017-01,WOODLANDS,4 ROOM,84,1996,323000
68201,2015-10,WOODLANDS,4 ROOM,100,1998,378000
90465,2016-12,WOODLANDS,4 ROOM,93,2003,405000
94648,2017-03,WOODLANDS,EXECUTIVE,170,1995,700000
38074,2014-02,WOODLANDS,5 ROOM,117,1997,468000
68239,2015-10,WOODLANDS,5 ROOM,111,2001,398888
27010,2013-05,WOODLANDS,5 ROOM,125,1996,480000
33683,2013-10,WOODLANDS,3 ROOM,68,1995,348000
2061,2012-03,WOODLANDS,4 ROOM,100,1997,403000
4316,2012-04,WOODLANDS,4 ROOM,105,1999,451000
34906,2013-11,WOODLANDS,3 ROOM,65,1976,275000
66498,2015-09,WOODLANDS,5 ROOM,124,1996,370000
31104,2013-08,WOODLANDS,4 ROOM,91,1986,373000
82327,2016-07,WOODLANDS,EXECUTIVE,176,1995,715000
46353,2014-08,WOODLANDS,4 ROOM,100,1997,380000
71104,2015-12,WOODLANDS,5 ROOM,123,1976,388000
6581,2012-05,WOODLANDS,4 ROOM,102,1999,414000
58685,2015-04,WOODLANDS,5 ROOM,110,2001,405000
50777,2014-11,WOODLANDS,5 ROOM,126,2000,498088
82309,2016-07,WOODLANDS,5 ROOM,121,2000,440000
50746,2014-11,WOODLANDS,4 ROOM,100,1996,390000
54500,2015-01,WOODLANDS,5 ROOM,121,1998,420000
73577,2016-02,WOODLANDS,4 ROOM,91,1997,307000
32315,2013-09,WOODLANDS,3 ROOM,65,1974,298000
94541,2017-03,WOODLANDS,4 ROOM,91,1980,282000
61916,2015-06,WOODLANDS,4 ROOM,103,1998,365000
33719,2013-10,WOODLANDS,4 ROOM,102,1998,405000
49431,2014-10,WOODLANDS,5 ROOM,114,2003,460000
14666,2012-09,WOODLANDS,4 ROOM,104,2000,447000
1998,2012-03,WOODLANDS,3 ROOM,87,1977,333000
29783,2013-07,WOODLANDS,4 ROOM,104,2000,450000
25409,2013-04,WOODLANDS,EXECUTIVE,144,1998,672000
33766,2013-10,WOODLANDS,5 ROOM,121,1999,475000
75229,2016-03,WOODLANDS,5 ROOM,123,1999,453000
87494,2016-10,WOODLANDS,5 ROOM,122,1988,438000
52094,2014-12,WOODLANDS,5 ROOM,119,1997,435000
66407,2015-09,WOODLANDS,3 ROOM,73,1990,291500
29701,2013-07,WOODLANDS,2 ROOM,45,1984,270000
71085,2015-12,WOODLANDS,4 ROOM,102,1997,321000
14611,2012-09,WOODLANDS,4 ROOM,102,1998,390000
68243,2015-10,WOODLANDS,5 ROOM,115,2000,429888
2044,2012-03,WOODLANDS,4 ROOM,103,1985,390000
4332,2012-04,WOODLANDS,5 ROOM,128,1996,470000
39453,2014-03,WOODLANDS,4 ROOM,101,1998,400000
89096,2016-11,WOODLANDS,5 ROOM,120,1998,430000
84117,2016-08,WOODLANDS,4 ROOM,91,1997,320000
39452,2014-03,WOODLANDS,4 ROOM,99,1997,398888
50700,2014-11,WOODLANDS,3 ROOM,73,1994,309000
78809,2016-05,WOODLANDS,4 ROOM,101,1997,372000
39448,2014-03,WOODLANDS,4 ROOM,102,1999,390000
12818,2012-08,WOODLANDS,4 ROOM,101,1998,400000
6646,2012-05,WOODLANDS,5 ROOM,118,1997,470000
23745,2013-03,WOODLANDS,EXECUTIVE,163,1993,676000
18393,2012-11,WOODLANDS,EXECUTIVE,144,1996,580000
18411,2012-11,WOODLANDS,EXECUTIVE,179,1995,725000
66447,2015-09,WOODLANDS,4 ROOM,102,1995,370000
18382,2012-11,WOODLANDS,5 ROOM,128,1999,508000
28261,2013-06,WOODLANDS,4 ROOM,90,1985,378000
39468,2014-03,WOODLANDS,5 ROOM,121,1986,425000
39446,2014-03,WOODLANDS,4 ROOM,92,1985,385000
31082,2013-08,WOODLANDS,3 ROOM,65,1974,295000
2139,2012-03,WOODLANDS,5 ROOM,122,1997,451000
78831,2016-05,WOODLANDS,4 ROOM,90,2004,370000
52093,2014-12,WOODLANDS,5 ROOM,119,1996,475000
4240,2012-04,WOODLANDS,4 ROOM,102,1999,395000
69685,2015-11,WOODLANDS,4 ROOM,100,1997,380000
45018,2014-07,WOODLANDS,4 ROOM,102,1998,391888
22413,2013-02,WOODLANDS,4 ROOM,99,1996,430000
18395,2012-11,WOODLANDS,EXECUTIVE,141,2000,583000
78806,2016-05,WOODLANDS,4 ROOM,91,1997,374000
1984,2012-03,WOODLANDS,3 ROOM,68,1981,305000
94576,2017-03,WOODLANDS,4 ROOM,102,1998,380000
52092,2014-12,WOODLANDS,5 ROOM,121,1996,470000
12912,2012-08,WOODLANDS,5 ROOM,110,2004,498000
10784,2012-07,WOODLANDS,4 ROOM,101,1996,428500
19776,2012-12,WOODLANDS,4 ROOM,103,1997,443000
47756,2014-09,WOODLANDS,3 ROOM,65,1974,268000
61990,2015-06,WOODLANDS,5 ROOM,137,1995,440000
87522,2016-10,WOODLANDS,5 ROOM,110,2000,450000
6497,2012-05,WOODLANDS,4 ROOM,90,1974,321000
14596,2012-09,WOODLANDS,4 ROOM,91,1977,354000
50771,2014-11,WOODLANDS,5 ROOM,121,1990,450000
16541,2012-10,WOODLANDS,4 ROOM,98,1985,410000
69663,2015-11,WOODLANDS,3 ROOM,65,1976,255000
25272,2013-04,WOODLANDS,3 ROOM,69,1985,316000
71126,2015-12,WOODLANDS,5 ROOM,124,1997,426888
45040,2014-07,WOODLANDS,5 ROOM,121,1997,420000
39484,2014-03,WOODLANDS,5 ROOM,121,1998,457000
57112,2015-03,WOODLANDS,EXECUTIVE,161,1995,610000
72375,2016-01,WOODLANDS,4 ROOM,99,1997,390000
77048,2016-04,WOODLANDS,5 ROOM,110,2000,410000
94526,2017-03,WOODLANDS,3 ROOM,76,1974,250000
60272,2015-05,WOODLANDS,5 ROOM,122,1998,438000
82304,2016-07,WOODLANDS,5 ROOM,125,1999,455000
45073,2014-07,WOODLANDS,EXECUTIVE,131,2001,545000
23712,2013-03,WOODLANDS,5 ROOM,123,1999,475000
45069,2014-07,WOODLANDS,5 ROOM,110,2004,475000
21511,2013-01,WOODLANDS,EXECUTIVE,150,1996,645000
16533,2012-10,WOODLANDS,4 ROOM,103,1996,403000
78829,2016-05,WOODLANDS,4 ROOM,90,2004,385000
23666,2013-03,WOODLANDS,4 ROOM,101,1999,415000
45042,2014-07,WOODLANDS,5 ROOM,122,1998,425000
8576,2012-06,WOODLANDS,4 ROOM,101,2000,398888
10719,2012-07,WOODLANDS,4 ROOM,91,1977,347000
26951,2013-05,WOODLANDS,4 ROOM,100,2000,418000
33749,2013-10,WOODLANDS,5 ROOM,123,1998,453000
84106,2016-08,WOODLANDS,4 ROOM,91,1980,296888
90431,2016-12,WOODLANDS,3 ROOM,68,1981,245000
29743,2013-07,WOODLANDS,4 ROOM,101,1999,400000
80717,2016-06,WOODLANDS,5 ROOM,121,1996,467000
82314,2016-07,WOODLANDS,5 ROOM,114,2003,430000
92754,2017-02,WOODLANDS,4 ROOM,90,2004,345000
40968,2014-04,WOODLANDS,4 ROOM,102,1998,360000
75234,2016-03,WOODLANDS,5 ROOM,111,2001,403000
43750,2014-06,WOODLANDS,EXECUTIVE,141,1997,568000
85781,2016-09,WOODLANDS,3 ROOM,68,1981,270000
23651,2013-03,WOODLANDS,4 ROOM,83,1985,368000
19813,2012-12,WOODLANDS,4 ROOM,90,2004,461000
60331,2015-05,YISHUN,3 ROOM,74,1986,316988
89179,2016-11,YISHUN,4 ROOM,84,1986,350000
27123,2013-05,YISHUN,5 ROOM,121,1985,515000
18447,2012-11,YISHUN,4 ROOM,84,1985,360000
84209,2016-08,YISHUN,3 ROOM,64,1985,270000
68286,2015-10,YISHUN,3 ROOM,67,1982,287000
38160,2014-02,YISHUN,5 ROOM,132,1992,516000
94761,2017-03,YISHUN,5 ROOM,121,1987,445000
87595,2016-10,YISHUN,4 ROOM,105,1989,340000
62052,2015-06,YISHUN,4 ROOM,104,1987,367000
78943,2016-05,YISHUN,3 ROOM,67,1985,308000
42554,2014-05,YISHUN,4 ROOM,84,1985,380000
8696,2012-06,YISHUN,3 ROOM,67,1985,310500
25453,2013-04,YISHUN,3 ROOM,67,1985,370000
28361,2013-06,YISHUN,3 ROOM,68,1985,307000
35019,2013-11,YISHUN,3 ROOM,64,1987,303000
49535,2014-10,YISHUN,5 ROOM,133,1986,412000
25443,2013-04,YISHUN,3 ROOM,67,1985,353000
71163,2015-12,YISHUN,3 ROOM,74,1988,312000
22477,2013-02,YISHUN,3 ROOM,67,1985,347000
46477,2014-08,YISHUN,4 ROOM,84,1987,370000
54595,2015-01,YISHUN,4 ROOM,84,1988,290000
13047,2012-08,YISHUN,5 ROOM,122,1988,433000
100324,2017-06,YISHUN,EXECUTIVE,159,1992,730000
91765,2017-01,YISHUN,4 ROOM,93,1985,403000
84259,2016-08,YISHUN,4 ROOM,97,2012,408000
94763,2017-03,YISHUN,5 ROOM,122,1988,455000
68311,2015-10,YISHUN,4 ROOM,83,1987,315000
41162,2014-04,YISHUN,5 ROOM,125,1993,533000
82385,2016-07,YISHUN,4 ROOM,89,1988,341888
18488,2012-11,YISHUN,5 ROOM,122,1988,455000
18421,2012-11,YISHUN,3 ROOM,74,1983,322000
4503,2012-04,YISHUN,5 ROOM,133,1986,490000
85964,2016-09,YISHUN,5 ROOM,122,1987,385000
94768,2017-03,YISHUN,EXECUTIVE,146,1987,600000
49499,2014-10,YISHUN,4 ROOM,84,1985,326000
84237,2016-08,YISHUN,3 ROOM,64,1987,272000
68319,2015-10,YISHUN,4 ROOM,84,1988,288000
39607,2014-03,YISHUN,MULTI-GENERATION,164,1987,730000
41113,2014-04,YISHUN,4 ROOM,84,1987,358000
80788,2016-06,YISHUN,3 ROOM,64,1987,268000
32447,2013-09,YISHUN,4 ROOM,104,1988,370000
41133,2014-04,YISHUN,4 ROOM,104,1987,398000
33845,2013-10,YISHUN,4 ROOM,89,1987,392000
8693,2012-06,YISHUN,3 ROOM,64,1987,308000
84267,2016-08,YISHUN,4 ROOM,92,2012,405000
37137,2014-01,YISHUN,3 ROOM,64,1987,315000
29893,2013-07,YISHUN,4 ROOM,84,1986,405000
71208,2015-12,YISHUN,4 ROOM,84,1985,362000
92818,2017-02,YISHUN,4 ROOM,105,1989,335000
45098,2014-07,YISHUN,3 ROOM,67,1986,308000
46452,2014-08,YISHUN,4 ROOM,84,1987,325000
72439,2016-01,YISHUN,3 ROOM,67,1985,290000
54633,2015-01,YISHUN,4 ROOM,84,1987,310000
63618,2015-07,YISHUN,4 ROOM,83,1987,365000
96568,2017-04,YISHUN,4 ROOM,103,1987,400000
25496,2013-04,YISHUN,4 ROOM,98,1985,465000
50859,2014-11,YISHUN,4 ROOM,84,1987,350000
98533,2017-05,YISHUN,4 ROOM,104,1988,383000
12958,2012-08,YISHUN,3 ROOM,67,1985,315000
69781,2015-11,YISHUN,3 ROOM,74,1987,305000
75325,2016-03,YISHUN,4 ROOM,93,1985,350000
11008,2012-07,YISHUN,EXECUTIVE,145,1987,645000
71226,2015-12,YISHUN,5 ROOM,122,1988,440000
14842,2012-09,YISHUN,EXECUTIVE,146,1988,585000
77113,2016-04,YISHUN,3 ROOM,68,1985,308000
23779,2013-03,YISHUN,3 ROOM,67,1985,367000
63598,2015-07,YISHUN,4 ROOM,104,1987,370000
14825,2012-09,YISHUN,4 ROOM,103,1987,466000
39538,2014-03,YISHUN,3 ROOM,67,1985,320000
29866,2013-07,YISHUN,4 ROOM,84,1985,351000
90597,2016-12,YISHUN,4 ROOM,83,1987,320000
82412,2016-07,YISHUN,5 ROOM,122,1987,476000
42588,2014-05,YISHUN,4 ROOM,104,1987,448000
54694,2015-01,YISHUN,4 ROOM,108,1987,472000
31277,2013-08,YISHUN,4 ROOM,104,1988,475000
21514,2013-01,YISHUN,3 ROOM,64,1988,295000
52156,2014-12,YISHUN,4 ROOM,104,1988,350000
80807,2016-06,YISHUN,4 ROOM,84,1986,320000
37187,2014-01,YISHUN,4 ROOM,93,1984,435000
60390,2015-05,YISHUN,5 ROOM,121,1987,470000
73693,2016-02,YISHUN,4 ROOM,104,1988,315000
68288,2015-10,YISHUN,3 ROOM,77,1983,285000
10884,2012-07,YISHUN,3 ROOM,67,1986,300000
91766,2017-01,YISHUN,4 ROOM,84,1985,315000
94725,2017-03,YISHUN,4 ROOM,84,1988,305000
62093,2015-06,YISHUN,5 ROOM,125,1985,435000
100265,2017-06,YISHUN,4 ROOM,93,2013,360000
21616,2013-01,YISHUN,4 ROOM,103,1988,463000
89234,2016-11,YISHUN,EXECUTIVE,147,1987,530000
85913,2016-09,YISHUN,3 ROOM,67,1985,320000
6774,2012-05,YISHUN,4 ROOM,93,1985,388000
96554,2017-04,YISHUN,4 ROOM,105,1982,320000
13080,2012-08,YISHUN,EXECUTIVE,146,1988,580000
27062,2013-05,YISHUN,3 ROOM,64,1987,335000
72471,2016-01,YISHUN,4 ROOM,107,1988,418000
25500,2013-04,YISHUN,4 ROOM,93,1985,485000
58811,2015-04,YISHUN,4 ROOM,108,1985,420000
23794,2013-03,YISHUN,4 ROOM,92,1984,408000
54582,2015-01,YISHUN,3 ROOM,74,1989,283000
49475,2014-10,YISHUN,3 ROOM,67,1985,300000
47901,2014-09,YISHUN,3 ROOM,68,1985,308000
68315,2015-10,YISHUN,4 ROOM,104,1988,330000
52199,2014-12,YISHUN,EXECUTIVE,146,1988,540000
73704,2016-02,YISHUN,4 ROOM,92,1984,405000
52125,2014-12,YISHUN,3 ROOM,68,1984,285000
92863,2017-02,YISHUN,5 ROOM,122,1988,550000
29878,2013-07,YISHUN,3 ROOM,67,1985,368000
96526,2017-04,YISHUN,4 ROOM,104,1985,398000
98574,2017-05,YISHUN,5 ROOM,122,1988,480000
8715,2012-06,YISHUN,3 ROOM,67,1985,326000
2227,2012-03,YISHUN,3 ROOM,74,1989,319000
35048,2013-11,YISHUN,4 ROOM,84,1988,345000
21542,2013-01,YISHUN,3 ROOM,74,1985,339000
90594,2016-12,YISHUN,4 ROOM,104,1987,380000
37165,2014-01,YISHUN,4 ROOM,84,1985,352000
8683,2012-06,YISHUN,3 ROOM,64,1986,288000
98458,2017-05,YISHUN,3 ROOM,74,1987,300000
96598,2017-04,YISHUN,EXECUTIVE,146,1987,645000
85954,2016-09,YISHUN,4 ROOM,84,1987,338000
8772,2012-06,YISHUN,4 ROOM,93,1985,400000
