,Japan,Germany,USA,India,Australia,Turkey,Day
0,103.21885179355785,410.59850193837235,144.04357116087797,1454.273506962975,761.0377251469935,121.67501649282842,1
1,340.64438095186784,744.2728293126391,1638.1226443184842,1249.115243197174,1074.1054267978948,732.4207228088964,2
2,2212.3454348822106,1397.891424753,2502.55884317799,506.9502227907322,3343.860050785502,2186.7863974076613,3
3,2166.5869175807647,1210.7075747271663,4035.338057536448,1976.3089926910172,3498.8074764824187,1808.6238778054876,4
4,3054.372665210877,770.0888934967606,3687.4259082102953,2132.6579617949974,4729.09815721014,606.2440290210762,5
5,3441.6994826188297,1072.3916440720961,2638.872943143203,712.6400246160223,3022.827966585127,1344.5313662107135,6
6,3951.351664370483,1510.4659456832826,1386.0775830932766,1490.1303804479323,1408.9301190271754,1131.7910859967449,7
7,4846.818225564159,1123.5634478240204,875.2724455244036,309.4981963255203,1380.7478906885206,1560.1229565271626,8
8,4780.30100318099,821.0915500842391,240.95035184343993,53.24296966161779,708.2874429125696,1200.5697949866212,9
9,5593.447285225445,2547.374152415916,418.3764940971928,455.0239058698797,921.910904053475,1663.3520505123954,10
10,6500.745649608687,2495.4287566197772,1147.4670562747297,326.040995112469,217.4897804898257,428.5262301587427,11
11,6098.404008431138,3180.23884756009,276.6699070928478,904.8906598768845,94.06275163754697,484.69157238848817,12
12,7263.553849214494,2279.412360605903,742.3323468233076,2441.134346154108,1394.1894421580528,2380.5807484190714,13
13,6084.774278054843,2459.3371964182543,328.4202746872349,1386.6826192229714,991.0124951848732,3603.0258188014986,14
14,5876.499299977982,1482.6981599345415,27.946122487166992,680.1094510310231,1001.5125159056937,5388.896312707334,15
15,5749.587207274363,1080.7087964898399,1911.0968195434214,2027.8685121734698,268.9724825800399,6358.293020865345,16
16,6922.710612388522,862.9123891594528,1497.477838783674,2775.3233236142273,1653.969543900345,7838.807812299769,17
17,5055.151651961953,1768.9570474348382,636.2521537289715,865.2583705151935,1385.9661729489642,8641.264208096163,18
18,4107.899684188204,1613.9469543440039,1250.331524075052,56.9483010513333,1762.3917041045938,7541.86341751197,19
19,3809.661509982149,2940.3328510310344,555.7636643436864,92.68623927633746,1327.2381523829563,9391.127145991311,20
20,3137.366752969713,3347.7946872721445,214.15241010163,446.5629520154798,652.9054917255803,9422.957704265662,21
21,3773.2128313485946,4024.227982218644,362.43840651331095,238.2641964374849,1048.9122043872258,8329.896195535155,22
22,5264.4704240542,4463.619683483181,529.11190188584,873.2956333295914,3432.0569792511674,9274.37568252557,23
23,6177.2926494983585,5580.635971579033,786.7955086256811,411.7110285148824,3363.8153739265363,10987.718404174937,24
24,6922.047471546799,4754.197432920018,885.2480330511135,251.76725784722498,4490.451296033044,9907.786895811514,25
25,8069.516123957902,4316.377388175584,1383.2804837434182,1677.7647959697608,5439.872102958804,9995.338137196704,26
26,9294.95164278807,5160.740364577132,2383.495831132983,132.9936991921492,6627.901895311106,10312.280749121554,27
27,8374.09281900725,5479.468017520153,1526.6652192302915,518.0318941079977,5593.659053526641,10993.87526740318,28
28,9177.502483181092,4789.918239769952,1982.1977227476348,500.55273508294096,5239.6651422731575,9618.923973985162,29
29,9821.120886013983,2566.5150875455256,1356.9662717204474,2102.6103906896883,4135.281802844707,9671.089053246136,30
30,10560.683882405296,4109.529682952262,2649.823181443896,1835.5595213405056,4095.9989846172116,8502.995555504938,31
31,10037.407221873544,3937.983351730014,1878.0326302302285,1012.055367376774,6259.234933897901,9839.52350494133,32
32,10406.589059815988,3698.6041741540876,778.3730343431155,356.7916366541762,6899.366459995494,8222.567460630495,33
33,10430.915184214922,2960.573264948399,498.4484352998772,454.9420262971342,7809.545368088086,8539.785675821797,34
34,9644.587222105947,2494.154168212456,1442.8946912181275,864.9917194996826,7792.524954226646,8918.937411376879,35
35,7385.278271415095,2451.8970165518135,2398.8396917109044,1210.9734951990692,7328.928979580552,9400.41888515034,36
36,8926.07528585972,2515.159010752145,2242.3331537455288,978.7924589987934,6731.612910615188,9162.497155414334,37
37,10350.136194842251,2021.839127389951,2785.1946297622467,562.7424127373679,5575.430478793276,9943.695257124327,38
38,8855.651650350883,48.14589762358157,2358.9358989841458,114.16562229287763,4937.993453241047,9546.423442795529,39
39,8988.532227937838,345.9367770253099,2667.948868031268,1561.8381840370992,6090.325018024167,10626.04203483235,40
40,9801.896487142041,1812.361104827824,2146.883991578509,2137.6261538501653,6232.278181344947,10306.713617687254,41
41,9110.357736071855,1117.6119611718177,2872.4813700420937,3520.990109245221,4649.339784009865,10917.09299679446,42
42,10299.216993855884,1624.4283154705054,3468.7954084926014,3573.5574055147677,2713.0599781633587,11105.871593588286,43
43,9775.325970021679,1536.0062284258438,3779.6815801910734,3476.157239245984,3112.1063238034885,8333.278837161635,44
44,7819.4136617709855,1145.9129057379173,4432.090162578093,3867.1106144335854,3605.8481011526774,8217.17489812727,45
45,9850.09812955248,918.5799556214021,4542.630819810566,2846.9379027177856,2913.798253368286,9753.551952373067,46
46,9563.754440660201,1527.4237900968528,5587.8841859575205,1635.7926130350845,3603.6164179030743,11055.398181938066,47
47,10191.84200030178,1046.396671636065,3283.9674882735785,2695.808435756632,3467.666717224754,12192.289544540761,48
48,10094.117032586924,1629.3503513893586,3683.4165175364537,2325.752547909113,2161.139865489437,13850.420224158948,49
49,10212.281077715494,949.1721473925082,3017.0334355045397,2786.472335297666,826.8813940866835,12503.702718361394,50
50,9518.50792502536,789.5987092462414,3150.7349951729784,1708.7285293214036,299.94441467006004,11773.02496549657,51
51,9903.387734206635,883.9502985633153,3192.9064464635576,1995.6157217113114,361.57081676570743,11665.719689205394,52
52,10622.99212275843,70.957310009238,2918.390088739618,2886.5308047068393,1518.9260759565611,11353.4274380797,53
53,10780.659138922245,2327.6808073074476,3623.0903645958515,1943.2700797373448,771.7377417519292,10164.482482875965,54
54,10007.406161519646,1143.8001671141299,6282.262602592592,1336.9505553779638,2527.6283251896484,10615.41694468188,55
55,10691.417059256863,2803.350963304002,5213.753203276583,1790.3363592293515,3215.465936218331,9401.339541587759,56
56,11132.339691549454,2522.9954681194927,5578.4467476682685,1633.6325039569876,2636.9444384894523,9750.99399858093,57
57,11896.483615455898,1085.2039943179143,4213.914899565797,2323.0816885069253,3289.2380384244716,9229.80468627982,58
58,13739.553165612546,607.2299902774276,4693.570713573744,1702.723390163413,2590.7808893171355,9233.575575366089,59
59,12807.704791498243,947.1949740786896,4709.252825176299,1541.79522186519,2781.434382898535,8838.726061332638,60
60,13075.438328392209,180.8163573913173,4428.811119860004,2534.9188327947704,1939.8031188248988,8589.267481171688,61
61,13025.943346742119,313.0204188896391,3785.4966547970753,4105.542241428223,2146.70679498887,9469.44639325247,62
62,14724.049166174374,700.3008942847024,6041.060884199264,5128.049085063827,2108.0762431486824,7812.7312909305165,63
63,15709.559903858524,771.5341131788845,4392.925951991705,4963.821329576493,1540.7859652960128,7590.056190415362,64
64,16062.991652615725,2388.008301829917,4684.763314739568,5725.3135413881155,682.8620410036764,8731.158057072935,65
65,14596.412937041547,1535.4563623686847,5283.417251662554,6841.21052734851,83.80114064140965,9087.450874545224,66
66,16364.951387718576,1179.9745696249158,4468.897429174688,6782.28493816688,101.25253036793188,8279.802386928868,67
67,17811.486087281963,379.67662028488826,4778.011873946396,7015.751599710573,1631.4686565512013,8964.303493788058,68
68,17440.661086000862,237.61481509765258,3258.0170131806235,5296.162292294378,2560.9737680307294,9546.528085185982,69
69,19535.264157207006,113.89290086414601,3388.1239673743275,5202.209062908809,3504.0198553532473,6806.850917996427,70
70,20104.57621067719,156.01145407661537,3854.9695134270896,6619.1151760350685,4372.983342250043,7083.722823842554,71
71,21075.680781121675,470.8286585924392,3033.383801377294,6613.822529735708,5173.54814568104,7161.982999004215,72
72,21470.90976377603,688.5918578074737,3119.314568348907,6419.529591689936,6049.380907268371,7046.875530516989,73
73,21013.49415755504,1653.2038715412023,3901.9437241764317,6529.918890716824,4994.752443283357,7867.123367841669,74
74,20550.363828236434,1374.1081071487488,3563.039598960487,4508.875329232026,4525.888255316561,5665.682082341112,75
75,20351.06363133997,1424.7116481104147,4080.5586414708905,5487.705188590797,4086.698733514413,5847.020511558933,76
76,20853.880331982506,987.7420314333339,5041.063023104039,6280.822551298468,1798.0786934998844,6098.50492658047,77
77,22870.286959782265,448.2873980588324,5316.7335576645955,6990.550517145357,3536.9513709543953,7092.899317895969,78
78,21551.150083480694,434.1314204910861,4188.139493150027,6494.549570801395,4308.357319631241,8122.338146678736,79
79,22459.913329439747,858.4490414689876,3325.5434818215763,9150.168663776327,5821.685402204446,8675.47021088632,80
80,22505.61729009998,637.9413857118144,4355.478765130552,9500.112028365433,6921.96974042482,9973.492183212542,81
81,19809.393237536402,711.8660519922295,5014.031731935555,10014.34599430542,5903.927865137455,9895.637427271691,82
82,19426.660807524135,746.1083325241834,3917.6848862697575,10248.561795649957,5556.4772126388925,9314.368950411366,83
83,21059.295333758626,2313.8760568326375,5096.842816907445,8947.133723985196,6451.737485528822,10689.333016804354,84
84,22391.50698835313,4282.500746618657,5756.899137041528,8771.314770689169,6950.427760438649,11737.305172772407,85
85,22107.227317545912,2539.8319659630265,5979.504817989849,9684.393988730964,5269.209544944216,10848.333814676957,86
86,21865.10935656079,3428.5522233166575,5042.762354454591,8272.06628269352,2899.622639717613,11712.386115174604,87
87,24104.713415222526,3027.05316822637,3817.891790260932,8207.210176349945,1619.9334665133736,11126.954910896831,88
88,24366.35886093343,3209.297952016313,4020.7886310275985,8317.092955659258,1833.4135154235425,9918.38125716361,89
89,24608.37869080365,1691.0367816606079,4405.434054170116,8760.929048814458,2911.6108191377803,7359.196590819513,90
90,23427.00008951536,2322.9405396657753,4241.505481717529,8664.607692893262,3854.078938358174,7091.6018445841655,91
91,24105.02587107981,1025.0947490146764,6605.6792988587085,8644.273511188017,2506.1535157290537,6330.028456327606,92
92,22093.769189616673,1069.6901754705334,6410.609601707328,10425.836366893609,1777.1088569343578,6526.585857056391,93
93,21739.011496503455,452.8036210772547,6401.981702789751,9898.832158438949,2230.890769570042,4696.84544605186,94
94,21702.005774593308,315.098786655449,5812.101882055232,10262.690968409739,1425.2642620306742,3578.533521730228,95
95,21833.05978613472,1448.178666215171,7763.905983536833,10922.582698139237,285.4618066039001,4363.491042970728,96
96,22387.36941270602,977.5410080603796,7980.855553473482,10477.18944724444,106.92719154573666,1317.3479881708015,97
97,21844.057521318497,1416.5839657324223,8200.396581804695,11561.226067916374,244.85291913562162,1696.5835217063882,98
98,22314.09040401937,1199.8524951568836,9130.553084329016,11739.815160003704,1305.5764259478592,2113.902342738224,99
99,23258.458894843665,1437.9556429891957,10536.516000596916,12329.872805873241,1416.065831013787,453.20253086896065,100
100,23143.311021703572,1058.8080801092729,12278.872198406147,13633.11555998556,810.9457469316203,1348.7585164202846,101
101,23275.21966148354,1463.5698921497703,12055.028635093235,13303.49257785782,475.0382601486727,158.2398817939874,102
102,22598.758929121916,1081.5609365719504,12279.287569344875,13605.74230831289,99.89114348738882,1384.4360735770065,103
103,22415.419729864316,2752.5039693608073,12335.420589793632,13607.127351047988,587.4078936692747,1501.910619995118,104
104,21949.253303830283,2382.2615286564646,12789.224630845632,13203.86281088474,1505.41266348832,1249.4139929182454,105
105,21128.93150656886,3742.210070335949,12879.60663812258,11836.265571078027,471.0027770068019,2245.626633289312,106
106,22346.87001816201,3437.2464324815282,11850.671145527725,11908.552578638031,1071.6603346645902,693.383453240751,107
107,22059.965530158664,1116.6521566907868,11533.510519235037,11388.511964067164,846.0516801934865,243.67135300875847,108
108,22127.241139081645,201.74371295394744,11904.21452245549,12334.127759623454,1778.7925909878643,1506.7397021110337,109
109,21674.752046441998,103.84756754132034,12352.379885136199,12983.465687353842,1802.2156960093166,427.5449739985446,110
110,23678.967761940916,273.0289533095724,12898.091859153981,14868.05153233329,3747.9187791732757,1340.3284681338366,111
111,23459.45820614787,666.091887289664,13837.073431831765,13851.030540920045,2324.93528265717,944.2418831772763,112
112,24050.86087395598,1790.5110718000321,13081.677736168427,12983.623129565127,2981.3989576287013,3778.796388451979,113
113,21934.069852472305,179.63266835009838,13117.445808028648,10602.877778345377,2650.8222013543273,2829.549914893743,114
114,23436.466421854017,1598.0342863836079,13650.148600008202,9512.128043910878,2997.0716490016375,3624.186235965242,115
115,23238.49913190905,516.0990679063426,15095.088799081575,10722.671038034228,3785.7409035110036,2529.5478612531506,116
116,23003.67760596032,1616.054342664101,14158.64307325046,10757.766214903899,2520.663065422237,2318.0508485212727,117
117,23708.598958467763,2296.0291869092034,14854.969727111544,11048.163315707767,1192.8803694642543,2419.332334738672,118
118,24511.740345809394,1831.691495473712,13833.179141522869,11600.703989124495,1579.7512163149008,2929.625074372301,119
119,24327.81485146908,1446.2017350981039,15435.015190495405,12487.884930969536,2512.540257821339,1686.305689917146,120
120,23515.14080936004,2033.4611144979297,15940.373507759816,13303.676472963505,3020.0578594786957,2738.18579246882,121
121,21017.940417773032,211.86053387347226,15376.364972686008,14588.228770956031,3124.401350973388,3726.1877349625543,122
122,22195.569380255663,1352.056834808434,13621.37881894395,14721.217193265626,3890.1035454514745,3170.400770879681,123
123,22185.220065689366,632.023075466781,15445.63547488178,14417.613288803625,3117.408708349093,4831.999061994245,124
124,21737.02478126605,1064.1584973613797,15460.493178236484,13596.207351778812,2446.838258038183,5539.504759504822,125
125,21697.258046679555,502.83621350022287,15911.796215339009,13330.519376812577,1723.7377643003847,5514.89263425691,126
126,20977.274316536386,1605.7424264555925,16013.493489893883,13311.2399922995,125.85348237925187,5729.059290456994,127
127,21476.29095453057,1584.391202612044,16932.606934763826,13118.486143234284,239.2017341670058,7520.386838498178,128
128,21534.87750566443,1901.9342965422431,18565.030236831808,13185.620297848805,1250.1542279074745,6999.083090222464,129
129,20922.95031293327,3243.431022125286,18088.13186790959,13037.170716468727,1779.199466241906,6576.454468513639,130
130,22282.731038437083,3284.831833683253,18846.00272833475,13087.25481075355,881.7985393400756,5263.984101372643,131
131,23141.703426881428,4183.773990148789,18771.4163217912,14164.353880157543,457.13523690720996,6093.948698910604,132
132,21730.531362991816,3397.970163317617,18828.885840256597,14555.570932331559,1398.0528514823234,5688.744618587716,133
133,21232.47895830896,3424.162400661867,20517.115868028028,14668.03691489111,865.5629322732557,5043.689345127839,134
134,20220.63652531477,4082.113445423036,20048.730633750976,12932.157917205397,197.85021170269667,3361.767605054701,135
135,21073.22237248542,4059.1536898150844,20059.87624559282,12920.659017335336,639.8278302052486,3952.950708819131,136
136,21740.942658844815,3732.191094410627,19729.841131082507,10694.714685597077,731.1611760858729,4462.79395095761,137
137,21416.07304304863,2735.0731136188674,19699.239306743988,10764.356264044012,782.7361188557619,3595.5173221491823,138
138,22264.39356585386,3060.7425824390416,19228.806161897504,10452.909192489857,1022.3188787121532,3965.3184884529855,139
139,21291.857776711324,926.8743352345043,18822.3906682213,10646.085894039697,1778.0591676066956,4504.451125205976,140
140,22041.548121414224,894.0655876207926,21405.187301191243,11800.036257691707,1430.09731168585,5857.83998335369,141
141,23074.191223306352,1330.8139250788001,23048.15259472185,12206.108053951539,894.8271471530055,5832.434774968673,142
142,21920.007192812336,1158.309508585934,23027.090573379788,12106.653596920827,1122.219922274134,6849.173423578442,143
143,22034.78251758313,849.5582667493209,24397.850555922847,11241.000674104975,2203.5959567323234,7480.549412027831,144
144,22276.120309036236,1727.748609559394,23698.470072335032,12302.222961550884,1981.1189464894032,8339.469319835502,145
145,22225.166032024947,3521.9778810491152,22372.008429969337,13266.829385757148,2041.0136296056792,8551.99236460581,146
146,22987.280543947447,4409.758017685051,21435.609886416878,13792.469978859088,2312.18381424299,9353.489250000186,147
147,23634.461975795206,3937.510867597202,20505.20139030576,13967.786381186108,890.2639426025531,7355.533170250182,148
148,24491.011284029417,5479.09826726899,17910.77680253761,14371.818675037046,571.4687456588549,8038.972937038863,149
149,24123.466388007146,5288.786709675051,18762.5059997912,12549.095074909086,1093.048423652228,9223.659527450416,150
150,23162.772989546487,3959.723863135368,19579.999097407424,13950.442367948397,62.61015623662325,11270.983140508377,151
151,24389.394648943104,2992.2777130851327,19635.351645429815,14214.379716541085,290.2064502577551,11423.757564053787,152
152,25688.081371106193,1716.2023670789451,18310.337592543,14009.047152763125,335.3404656897654,9084.13275803373,153
153,25964.51421612203,1975.7793489129847,17945.856343302494,12537.725196620788,1928.111220107249,9342.7053897105,154
154,25656.182970162685,3353.862815977062,18257.832451218706,13378.015592100093,921.2794678082652,7661.1286734431715,155
155,26448.46963196883,3885.4687239885166,17891.98366330185,12080.190325126507,1402.3945941971006,4901.773559421588,156
156,26523.13761021998,3626.7522837587703,17616.382989317797,10645.140938337352,1909.6335453067156,5018.003259808737,157
157,27470.62620512686,3382.308827797138,16215.038158025834,11055.522731995223,2438.577163723298,4771.855471123893,158
158,26607.106546745545,4187.062568435008,13868.391127499272,12334.683839023483,2073.026073737261,3833.762930218247,159
159,26310.37337425143,3357.076409353904,14364.493461481836,12409.488821703822,2085.2580573760783,2264.503315682343,160
160,25619.94434986838,2560.404300989233,15022.419554018632,11440.606183140773,2310.8397209448817,875.3580000044154,161
161,23605.88419494991,2867.170077016237,15428.722684463693,12304.651174243143,2167.2602092285615,1257.383448954799,162
162,23246.379795378904,3011.736893949973,15790.321965245314,11240.06603811529,1229.3799780771099,824.2754958034553,163
163,23652.32152256739,2287.368389080009,14405.060418523084,11543.164291539364,1670.4128853502611,645.4826300702755,164
164,24451.743922110483,2046.5808793380704,14115.939913244272,11130.29347109319,1472.0139885302156,551.2903297601289,165
165,25599.354866953618,2404.6949548179273,13559.977233534473,10237.819583761659,1049.6991644049447,446.5763003268446,166
166,25371.301541829554,2203.215008113494,13019.203648234083,12055.897214145229,1000.3750942573721,207.5426990800797,167
167,26371.63189078326,529.229301102784,12857.644380995915,10492.4924691163,209.85207242429493,1114.8428206054066,168
168,26147.37966981758,2207.9176639314405,12642.67879036982,10395.273237113382,1225.517353966396,413.80147944030955,169
169,26564.85701970261,3305.4143187016853,10930.373569026526,11187.388257678533,179.99279689693037,1498.6575389017546,170
170,25447.551704165944,3824.3145231265376,11684.078035207125,11049.698431775185,26.95191366036065,2176.7529996880016,171
171,24693.560237187467,2758.9990310285425,10698.760526267259,10282.778762113987,375.6736174696745,3952.6409996498305,172
172,23024.309430810496,2457.0098206709895,10090.604098666618,9167.816439166585,1809.0261203516661,3534.242988340638,173
173,22588.763271514843,3056.234098130709,10057.514347527856,10021.977699980938,1089.0855882097715,4427.817390654829,174
174,22744.78716251213,2007.1409102106986,6886.539574237677,9832.478062433025,259.3274995463486,3162.8340607985733,175
175,23045.571038988157,2667.7495041876905,6676.690096314622,11073.102661989253,36.86433553774182,3251.2095839977283,176
176,22947.19313217268,2286.3332499785197,6609.197839073815,11056.764577876362,247.4501834602027,2835.8089578266013,177
177,23978.67559248794,3716.324508663968,6670.835891246029,12489.50006781047,334.98165438187357,1897.0620821442913,178
178,23371.563920571894,4764.494915489441,7531.098343203548,12161.198772809714,66.3161507516365,2213.717377196398,179
179,22774.657439323943,5751.781608947093,7932.333053114731,12961.281248894315,1109.4456487869923,3070.795565867563,180
180,22097.19526997753,5699.9612194646725,8811.493681949805,13192.382856487311,2748.25295590917,3804.1083734512285,181
181,19947.620735110242,5790.205069130423,8079.834754919412,13257.871231631794,2400.0837206673614,3140.8502837720544,182
182,21052.237332636712,5821.141326404381,6500.969560502924,14053.371781685086,2966.523574399581,3448.541561139056,183
183,20783.213259460463,5296.223462758499,5233.557905684266,13553.873548216427,3028.5767001979148,2189.374431528242,184
184,20079.102237318883,6791.902979015516,2707.189665328268,11783.952160019693,3196.790922964989,1811.464329789767,185
185,18754.743487323045,6964.103771712398,1976.8378749512488,10679.373686448216,4211.6168306994305,2413.796183372629,186
186,17833.335089512464,6503.289294563568,1053.0413146373019,10811.941701101932,4500.6220416536635,4412.435658956002,187
187,18979.335516019906,6456.223199905075,228.48409507306545,10280.763334566238,4628.864015681365,4684.207225446698,188
188,18762.155883381623,6378.012018812922,1176.0614198666465,10134.322564087988,6110.109977878664,5956.765360479016,189
189,17243.396546418044,7549.172480263002,1940.5588729001802,10402.69529929737,6279.868271781149,6090.898143247436,190
190,16022.011586958846,7742.014308806967,1907.2395900550273,11933.498796696862,6073.177760073146,5559.855636269375,191
191,15782.86600630506,6344.1180477202315,1962.410944835259,11634.521340577845,4424.673749804967,7109.869825627524,192
192,16238.691354104429,4917.9592957009645,2898.5400931463414,10956.141241737374,3592.023010340489,6782.803616506501,193
193,14607.093926572157,4540.200125970247,3138.40719904162,10797.182567611731,3399.159054790103,7939.820897322369,194
194,13836.420872108814,4670.6398597535745,4960.322296902026,10872.833038200155,2978.240770614446,7693.218711061035,195
195,14461.977907218066,3678.5030312350686,6865.385937462044,10887.610257859998,3278.7195561998683,8048.247442116409,196
196,16354.33980053541,3856.3161749380815,7116.384053470368,9832.852332679715,2318.67181504994,8464.746524553102,197
197,16631.162795309298,2732.410869323642,6942.920156397488,10342.881872435333,926.1533656156678,7427.160857502467,198
198,16612.371003535038,3326.18831710231,4931.039837152779,9753.178266860608,1822.523088167848,9389.892866643218,199
199,15027.55047618602,2678.2205260924216,3792.0316440358138,10967.579649819869,951.5613059962285,10267.86348317909,200
200,13731.400608658136,2061.761213466267,4328.628164602637,10562.884194205568,760.1104339723167,9387.35228400198,201
201,14185.48097117374,1975.809240031882,5080.574752279834,9999.89447561944,1955.0972392409772,9887.761951306244,202
202,13932.677465754587,2383.8239490717788,6855.233313253167,10393.047670373553,2117.315686817668,9118.33177312894,203
203,13602.144722519672,2529.0984062765483,6098.739784372418,10091.533612976787,1078.2192464392754,8639.236549030711,204
204,14380.328243975795,792.3234492998374,4652.161894336525,11674.219254779577,117.66202198204712,8413.396070428022,205
205,14929.826790279834,1890.894176855167,6972.961733616822,11557.128382624134,416.53914886372434,8095.510973189839,206
206,14495.018832548678,1350.7997163303612,7705.3857433716985,11932.350783384807,124.89716251187977,9836.53378154874,207
207,15275.323239050216,1079.6869198836464,8750.40911887439,11333.311257008623,215.79518136605068,11099.706693633894,208
208,18052.682384477648,72.04705489715279,8161.1801323642385,11781.776263212683,84.22121345798197,12505.266741025785,209
209,18402.464564589183,2095.5190046671264,8666.567070941583,11422.527106699226,1666.7156914397406,10261.664846443144,210
210,19825.259473215527,4017.8437601115247,6551.511055753775,10017.161667974806,48.66142243951499,11086.073967770979,211
211,19402.679100942645,4565.32433221619,5737.716572522469,11466.279278711736,1366.3787655802803,10545.06574781117,212
212,19487.794703462052,4001.0232989140295,6704.484583688928,10958.21136932026,2121.8414919459137,11746.267266828561,213
213,18964.532964773975,3463.4399303559676,6803.689446220431,9381.91239669254,1619.5132518711341,12608.534266581797,214
214,18803.8717749542,2510.7949775405796,8412.211602169155,9943.49114629576,1412.2425048975156,12300.801691902365,215
215,18644.6213065805,552.2460224040411,6965.790538185825,10395.841421864854,1092.8106715659849,12438.580906188135,216
216,19601.768779731516,796.1782967176598,6564.232993686482,10864.317466544577,579.9742139732282,12764.899368346454,217
217,18999.061123302185,1390.8280664380652,6308.2753244722135,11212.363846187196,1362.341180875318,12139.780711912723,218
218,19812.65712039669,1912.4695764086841,6235.155678524016,12509.743502143938,1687.2761391958172,12851.087071655511,219
219,20200.81131287894,1972.3975790797747,5435.242055383352,12729.819281964294,378.60738684363815,12876.885629909999,220
220,19055.549139859715,1625.903137073014,6209.402665202168,13504.278250735118,273.7002217581254,12742.972707294522,221
221,19668.17487873465,2448.731461367296,4719.13727729487,12008.138613783487,1246.103111110623,11396.751634072225,222
222,20135.668052392502,3311.2247610920294,5341.656417599867,12639.330555530345,677.6441921863462,11729.563398924434,223
223,19655.243556274716,4279.410824999134,6173.007475584635,12151.35787286734,1597.2948822490077,9086.627677909693,224
224,19115.12052987422,1988.9437544685954,7773.275294333394,12340.192653085123,2009.5666368535508,9490.086861330496,225
225,20945.14908030203,2684.778873818143,8020.041318313364,10814.235092200315,2782.338519831753,8608.030261967484,226
226,22197.742421805353,3271.0988990292753,7562.400724023839,10442.42401070282,2325.0288731109417,7645.688517153138,227
227,21426.905461400416,3027.930683626784,7952.765667532461,8853.893319605288,2835.9550543432047,6870.960198085976,228
228,23235.049387898667,2616.596440729175,7469.516125053353,8851.322137173778,1795.8688092895018,6706.316388559579,229
229,22349.86184668974,1142.83162559077,7858.610093919074,7680.28107255329,2122.4297869687093,6714.526270829192,230
230,22872.481263088215,99.85403094439404,8272.701447712669,8187.515534448211,1967.760953322377,5672.957882010611,231
231,22911.749254126167,1048.7868417941575,8404.613203500081,10168.081125517152,1198.9903089229022,6094.285469335291,232
232,23381.059990405272,173.09116301465076,7039.450326274911,8220.982482696794,1679.2323506611256,6617.5364127201865,233
233,22359.83524723811,535.6041100957758,9490.680045349987,8432.188466328314,1799.6389893255352,8096.85239268344,234
234,22691.937524586934,185.82718547597997,9041.913032244489,10176.37622288227,139.0314294310213,9513.45587510908,235
235,25494.140322978645,1374.251607058999,8438.073479448338,11325.93028613939,959.272111301491,9651.295053705175,236
236,25468.754718572185,763.8598427535865,8724.086006426456,10347.362988693347,150.20544233465415,10198.813154384607,237
237,24802.78757250265,3298.4143048378164,7348.901527109215,9846.3707565134,630.4544773295796,9262.705604274908,238
238,23993.607275649483,4496.507185028855,7755.558614576095,8644.672900845893,483.0200756786077,10240.170481520778,239
239,23114.217333736113,3861.0826584748593,8298.169398074891,7928.7340074089025,3477.6329359062265,9359.232920439807,240
240,21306.08552315714,3424.444183845566,8490.898394574619,7232.295334017464,3139.4074622211115,8707.45165873919,241
241,21304.614522911732,4191.149038382467,7486.575682360004,8230.487062249327,4512.450013172007,9775.193669758297,242
242,19543.34839549187,3437.0533747262234,6861.548291675333,8620.879756234835,4399.892482265553,10430.738699242655,243
243,19475.831538317543,2659.4492368233114,6825.805558127159,8284.864013572844,3513.4009429059365,10702.870455260863,244
244,19191.040939183178,2968.826829706673,6797.276688292743,8609.594278655804,4042.2707964620513,10529.15860227384,245
245,18624.495623364965,2822.5223837056287,7296.003646604675,9347.526058897034,5246.005988661831,10112.115099306235,246
246,17936.614232190208,2772.6651171058065,8644.039427029393,8439.827260909135,2565.43514789283,10312.923613301902,247
247,18935.46302828558,3512.80190784532,8078.541620654736,7963.7958774710205,4723.503711854088,8994.372595211065,248
248,19174.759619427925,3759.595465634072,6999.198454629741,8078.021428921201,4710.263944186554,9116.317522811341,249
249,18835.700363485492,4349.227507585102,6103.3826942189135,7529.693298423221,4611.596490370759,8919.136467613975,250
250,17776.673109043528,5371.791898845787,5248.1422369680495,6272.473647594226,6094.479847944801,10228.54861394499,251
251,16958.811277858535,5133.591706823749,5353.374374027325,6364.133055694609,6063.212300917232,10320.660728636945,252
252,15603.368575264116,5531.739835573824,5192.000837749546,4569.684250469535,6035.702598887397,8088.644339111766,253
253,15708.348276283068,4164.324853113666,3536.656799439869,4416.039789653869,7620.176162038332,7244.190032507181,254
254,16921.21609249209,3880.5552987303204,3254.460922749434,5574.242974837897,9239.536144935873,7755.230496087291,255
255,15180.58664659676,4174.040353619697,4171.68246486529,5631.285842500086,8362.809371245423,9582.14187439181,256
256,15583.774953446293,3224.6348298264793,4008.4275160321113,5717.741125211133,8793.271283131215,8432.762491024685,257
257,15286.260599491347,3180.6125536511313,4651.482061371405,5129.516196093196,8580.684236693678,6885.73099403384,258
258,15346.548133130465,2902.531505683187,4008.5295080185138,4979.400969087067,6992.922712948311,7528.988595822579,259
259,16480.140958768923,1905.7718628633716,3859.7633557848344,4883.396764117298,7038.036016641646,7449.866871893044,260
260,15629.610275245486,2744.8960534626453,2847.9892716793456,4798.42862707959,8644.475706091478,8822.920407934973,261
261,13762.927126913859,1987.4277234012413,2837.9327998103313,3560.42169112115,9685.074936176623,9138.52353132083,262
262,13139.473517489476,1096.7560419698468,3350.8496466381075,6101.660498809375,10653.1570538412,8661.455438963965,263
263,13495.425010536283,1443.4755787893248,4277.407947605204,5543.57861819071,11770.106607587923,8696.75217856688,264
264,13254.22104631733,2571.259208917127,5158.539044704837,4510.589423670764,12694.018623397926,7284.600480268249,265
265,14634.6517986246,2035.3446472509652,5589.310179650478,4660.481015403903,13700.055481318315,8106.150305871381,266
266,16182.906121473643,2567.3192862581564,6849.879024692627,4760.874518805269,14100.404296331739,9578.473234337871,267
267,15269.704197221465,4778.623619497649,5052.42322032573,5824.307456959877,14779.997338875884,10142.791144020359,268
268,15042.358247077984,6392.873166777877,6061.020507185833,5296.71007418556,15503.926042934487,11262.419377700815,269
269,15839.133553384285,7940.939968156616,5999.277205727932,5743.546327848181,15687.681773184479,10437.801158062346,270
270,17151.983227934074,9355.814104079038,6155.75346267423,5959.890306143907,15244.835659437738,10219.404084932408,271
271,17496.179684401453,9103.103432037431,5286.890915808278,5303.499555284605,15776.8294688489,11175.662507364692,272
272,17330.316161747916,10432.244714782984,5238.546292028458,5911.600812236295,15372.933448012926,9238.95004496214,273
273,18782.221691179664,10814.447502568279,5443.632917260311,4750.067008677177,14382.024274328081,9425.659156771919,274
274,20466.738946604546,11621.011270464538,4608.440227068829,5696.807419634366,13233.673693636956,10336.509534410572,275
275,19063.894206504305,11956.85599186985,4927.558627155111,5389.542639128776,14872.097319378747,12112.898150757148,276
276,18848.34115271562,12524.86335109627,5010.169659311313,6211.0771561483025,14853.175215496552,12194.932303902633,277
277,19805.49925099103,13538.835505208432,3279.893597761227,5622.334749340796,14468.851810285307,11185.220449090919,278
278,20810.81112333989,13640.242651876644,5451.058547079393,4960.260460341089,14368.270601556344,10646.059174976723,279
279,20724.63428095977,15831.140665116483,6434.694742868573,5045.875414571587,14115.939170171823,11036.857171057736,280
280,19514.784154549463,14425.035893725473,4829.956213007585,3587.1606648955926,11962.81937760124,10568.552263368145,281
281,19402.046213313726,15082.303584030251,4182.902686624826,3415.91711974338,11923.910671745023,9941.988012622785,282
282,20960.044741497124,14575.268814264915,5027.898289625663,4091.5109473734433,12917.272047168159,7899.915862795831,283
283,20921.926741317726,13996.350674321708,3335.5278521515543,3362.164601093017,12218.135893449464,8198.675463365767,284
284,22024.156932224818,13971.80125067933,2499.671784669933,4304.258189966133,12321.348644911172,9250.065862025831,285
285,21777.50797697237,14579.793760085726,1660.0393374967414,5672.503285304523,10760.069045955366,10190.336097983036,286
286,22437.45068207471,14792.810927515613,2259.4087100190386,5928.820178994166,10299.27471825411,10591.322255879437,287
287,23408.6213468991,16219.127788302643,4747.850324350167,4232.850645979996,10157.468079100654,8757.886894063759,288
288,23052.917831175117,15741.841517899413,5214.2298987321465,4327.243152391182,11140.586262846362,9656.208865495775,289
289,22250.8660924346,13895.30953623474,5818.36663917483,5956.826755139619,13261.762707748798,11495.055469254276,290
290,20284.10212049986,13699.075571291198,5904.94981934025,4537.571709228669,12327.582959249072,12886.560738658496,291
291,19415.095777681097,13883.256835994745,5563.271721744369,4513.280795090888,11047.770938621052,13772.527220699449,292
292,19014.21009857698,13873.599599461837,3766.10710634875,5315.533966821698,10854.557385387354,12475.185131606559,293
293,18012.87908123025,14470.812103865263,2950.8314452122913,3514.319976013164,10639.316917747741,13481.550653285109,294
294,18195.784062087198,15367.06052922142,2958.4489435304495,2627.4552894304024,9535.622960285591,13081.019968686402,295
295,19053.486685134092,15502.515192411402,3003.61479946928,768.1089555787744,11161.944898112422,13215.842419780756,296
296,19637.580231929012,15837.6208126074,566.0504402699243,346.81560391150555,11148.196410776889,15060.543583408804,297
297,19998.69336666888,16446.583154261923,1025.3974351881072,350.0378203546612,12205.670058578418,15616.52861528777,298
298,19971.95498399424,16630.033407843497,1496.1399333708346,622.8342098849254,11387.692451323612,15895.44289039101,299
299,18540.38722654495,18092.24757862392,1924.8419989566635,15.006346588658959,13051.865436489787,16022.012222030402,300
300,18903.825006661,18871.29879875691,3434.503605024962,292.3977383317688,12083.121043378642,16752.36931758836,301
301,19666.186543388612,17424.358464001103,813.9297590067227,1039.8709163971482,13383.467875596982,17556.219721619884,302
302,20440.481623875417,17154.968685549862,11.442473080792048,1338.1940853929818,14306.291190593809,19007.558219810908,303
303,20418.624265655544,17197.50775957965,1542.3748241096166,1245.7463499231733,14405.299501877886,20058.212056398395,304
304,20724.576840753936,16759.033301545045,1172.2106595959142,2205.0017425637616,13866.96989860171,20200.657473907766,305
305,20924.930320758926,15044.98718549605,1665.854747120778,1717.9864165833822,14706.099301443925,19210.53609002857,306
306,22289.688550841358,15023.11727670697,1394.6474072306141,3035.1612053891763,14516.396689363928,17507.96593778678,307
307,22222.05432077444,14560.09552259792,1841.6715641162923,2929.4412099220212,14488.634557738427,17933.508150558224,308
308,20800.078761481975,15016.458886078704,1313.0009051808038,3037.445046702979,15229.5012619425,18541.79930063972,309
309,21440.80448567217,13882.147292356476,2090.277868948759,3328.486509976005,14675.373683615731,19211.925198367015,310
310,21501.16698006451,13171.106695565366,2809.9460394860907,3576.9058166810432,15406.247269567117,20853.6284271768,311
311,21225.50043072374,12462.721643227258,2794.166822365096,4068.6359246945713,14452.057688668352,20309.48367481879,312
312,20778.288343268905,11846.600519903779,3260.456865915285,2353.804316018528,15284.243722818415,20137.144535589607,313
313,22427.50531768604,13245.162612029315,2862.544767324444,1571.2254351765505,17007.47197353474,18339.6051484637,314
314,22784.37684571164,13790.819935499343,3013.3629736570374,1826.6962213643199,15321.679670875435,19987.65135482988,315
315,22485.663185719626,14701.465607729313,2983.506852020671,1944.8670057309116,15464.3673829489,21215.28777524029,316
316,22447.535801624694,15214.183131201711,3052.1060795013314,2217.143106875992,15954.092405321926,21494.584444518663,317
317,21189.791584128652,13127.548151781168,3092.177536049107,2544.898024172409,14498.284453485083,21439.092219074857,318
318,19704.865985428696,11003.65813373561,3551.762440883163,2264.840164134729,13107.750486411143,23080.440827897888,319
319,19859.901793547022,11069.718395522103,3055.9669463379537,1048.2624503917887,13446.432671856543,21045.678283876736,320
320,18805.723884608098,12020.552092525902,3615.2659277288376,2111.9580414173365,13877.5290093673,20472.926917019522,321
321,18128.16685102038,13327.735937607158,3147.8249181029314,2972.111426342,13018.424816581768,21282.553493059633,322
322,17254.855014949968,14527.472114022195,3603.977953929987,3329.690458310598,12977.34259043789,20689.087573456392,323
323,17244.669496237893,16725.768452692686,2613.3070233028375,4332.359045680389,13954.237977173214,21278.66749600161,324
324,19423.6010164328,16096.118025752507,1960.022321374949,4253.845020506212,13536.437393967131,22518.883832409378,325
325,18523.54677366873,17898.360255543055,1751.7372182799525,2679.47378303064,13337.447899561945,20530.15191381399,326
326,17406.263307980542,16334.455620703287,1770.364588941308,1625.1488081265625,13306.901318521326,20567.035444659054,327
327,16136.498557666237,15624.601438557183,1787.8802022195264,1301.5230435174437,13640.69227887489,20587.16454853659,328
328,15361.475294442065,16057.439060057177,979.1626702399927,2405.647029316706,14429.79445913154,20585.916092748103,329
329,15521.41508219911,15225.481566840053,381.0122177235069,3925.686314508769,14011.940755914216,20625.934818099737,330
330,16781.20242560438,15254.102071027835,1723.63422823386,4665.622167474028,12696.803090193243,20949.39229058316,331
331,16583.374257754513,15351.852873450021,3125.157644239105,4507.188320688497,13838.70450939709,22260.36266102437,332
332,18116.295311184644,13639.8827093558,3171.29270319479,5465.562800915058,13919.51612234083,22964.22169701482,333
333,18887.07961189121,13159.03736848307,3874.878257838179,4536.417653146367,13548.343569691791,23954.044246561938,334
334,18243.448336437872,13847.934035091002,4149.525461450623,5140.038089165458,12839.48399432465,23531.225671885277,335
335,21360.304928037,14492.386068502045,2235.7827905891163,4476.476512574076,12993.556392749486,22337.61399113608,336
336,21458.46613924293,13605.771808445934,2088.429126006273,3416.6702176403023,12967.309774887897,22451.949151008455,337
337,20714.91262373459,13816.131175075747,2082.501720173041,2050.6101492369708,11412.19574282883,21838.622924679756,338
338,21000.871775219763,15313.042168596574,3265.621277504748,1331.712983708679,12628.27232357469,21697.95102137179,339
339,21744.543949920637,15154.029917042215,3505.678206801467,1231.5535756180557,13103.44742940394,20424.99727245188,340
340,23440.67521675218,15884.21344817183,1648.1949352069287,848.9554388945927,13990.351755687814,19546.69351471935,341
341,23354.222692744584,16131.919826638654,629.9156096400773,1503.5255738921767,13783.134362276862,18963.123587810045,342
342,20425.126450980722,16354.778149742142,1605.953135009003,3060.459506401437,15113.026223610925,19318.618362418496,343
343,21622.55414661929,17841.177403208527,1195.7344422286744,1678.2776180082985,13626.243749525294,19275.83864253493,344
344,21120.75439281165,17785.07792986762,1734.171442583213,1194.9357662277266,13749.893375417325,18770.868661072094,345
345,19397.05811714439,18498.09415957856,2059.9710562238383,1070.1662451845143,14762.566499185916,19798.165538147554,346
346,19073.701585664134,17128.703035531402,1293.6434572602552,211.34509517961897,12848.336802123102,21464.121614945274,347
347,17447.05202336255,16917.264744685846,1278.6383702288906,97.93346453688501,11767.792675097615,23071.79819398845,348
348,16990.888412007414,15972.394547297834,1849.4268996104643,1640.729802829937,11768.210001510235,22697.643108017648,349
349,16581.336633769723,15172.801047627343,3361.066249494783,3347.198050090926,11066.426629393205,22624.357676010004,350
350,17043.230449124007,14546.310824478256,5071.902832041438,4761.61309281995,11130.088118182755,24204.28820568113,351
351,19875.242319032994,13462.884164213976,4941.282436046318,6162.302127262951,11781.744327240534,23699.472749340624,352
352,18572.06135738456,13591.420481070025,4798.834567257477,4853.538613024342,12984.219635444968,23283.3731149248,353
353,18772.968890585485,13713.951798723325,4751.556851561229,5517.682662382994,13768.907046874412,23618.95375850797,354
354,16876.78666195234,12914.165660337554,4469.981420761127,4928.295960404424,13324.125684467163,22596.561436065902,355
355,17374.99828053845,12482.751319232868,4190.999815458097,5458.129743879382,14063.520986977357,22972.52140203716,356
